duration,protocol_type,src_bytes,dst_bytes,wrong_fragment,count,label
3.751,tcp,296.75,366.1,0,4,benign
5.165,tcp,229.49,185.86,0,9,benign
3.346,icmp,304.89,285.27,0,5,benign
7.944,udp,253.29,303.07,0,4,benign
3.048,udp,270.17,195.01,0,9,benign
3.1,icmp,278.3,335.45,0,4,benign
8.222,udp,241.89,176.06,0,3,benign
6.324,udp,317.97,237.79,0,6,benign
2.117,tcp,349.71,289.37,0,5,benign
4.89,icmp,317.17,294.22,0,9,benign
3.594,icmp,166.92,186.8,0,0,benign
3.294,icmp,246.83,345.51,0,4,benign
7.315,tcp,213.59,249.79,0,3,benign
1.427,tcp,120.96,157.47,0,6,benign
0.757,udp,11.58,8.4,0,20,dos
0.471,tcp,5.46,4.59,0,18,dos
1.814,icmp,360.66,351.73,0,7,benign
0.531,icmp,25.11,30.01,0,18,dos
6.342,udp,189.94,281.86,0,5,benign
5.221,icmp,309.08,344.85,0,4,benign
4.661,udp,364.14,254.37,0,7,benign
0.9,udp,24.41,30.58,0,23,dos
4.277,tcp,293.36,352.83,0,3,benign
9.105,udp,283.6,202.86,0,7,benign
14.225,icmp,815.58,891.04,0,4,u2r
6.79,icmp,315.04,383.28,0,4,benign
2.553,tcp,114.21,103.83,0,4,probe
2.973,icmp,255.69,184.69,0,4,benign
16.275,tcp,1141.45,1001.07,0,5,u2r
3.441,icmp,354.11,255.83,0,4,benign
4.458,icmp,272.11,266.07,0,4,benign
5.919,icmp,142.9,200.03,0,5,benign
5.655,tcp,712.69,1049.18,0,7,u2r
0.164,udp,4.01,4.62,0,6,worm
6.258,udp,217.8,190.87,0,7,benign
3.827,tcp,188.68,250.83,0,3,benign
0.86,icmp,40.29,29.27,1,16,dos
10.854,icmp,665.18,496.09,0,6,r2l
0.086,udp,5.48,5.71,0,6,worm
8.087,icmp,194.39,152.3,0,7,benign
0.569,udp,34.36,32.66,0,35,dos
4.402,udp,71.62,85.27,0,5,probe
5.862,icmp,267.01,273.93,0,8,benign
6.587,udp,243.78,256.84,0,3,benign
8.675,udp,230.68,221.52,0,5,benign
2.043,udp,16.66,20.2,0,4,probe
3.84,icmp,137.68,109.99,0,9,probe
10.702,tcp,368.05,499.76,0,2,r2l
0.557,udp,15.49,18.94,0,21,dos
5.9,udp,301.44,223.87,0,6,benign
8.627,icmp,497.82,619.89,0,4,r2l
13.4,tcp,345.99,323.03,0,6,r2l
4.194,tcp,150.45,218.99,0,7,benign
3.865,tcp,315.72,328.6,0,7,benign
5.029,udp,401.97,311.04,0,5,benign
0.01,icmp,13.74,18.66,0,16,dos
6.039,udp,432.13,345.43,0,5,benign
4.687,udp,163.1,199.24,0,6,benign
4.821,udp,68.17,47.72,0,6,benign
9.546,icmp,322.67,307.02,0,8,benign
3.602,udp,209.22,243.28,0,2,benign
9.58,udp,754.15,625.81,0,3,r2l
8.479,udp,487.54,448.26,0,3,r2l
1.86,tcp,179.51,138.03,0,4,probe
4.691,udp,203.06,182.61,0,2,benign
5.011,udp,262.22,378.48,0,13,benign
0.509,udp,26.79,33.17,0,17,dos
5.028,icmp,169.19,223.71,0,4,benign
0.577,icmp,19.34,18.13,0,22,dos
18.257,icmp,694.67,536.31,0,3,u2r
5.295,tcp,187.03,168.66,0,7,benign
2.608,tcp,184.81,244.57,0,4,benign
8.754,udp,221.87,268.71,1,3,benign
5.592,icmp,267.62,298.72,0,9,benign
3.541,tcp,340.58,293.7,0,5,benign
5.638,udp,183.59,229.21,0,6,benign
6.403,icmp,321.08,279.15,0,2,benign
6.94,tcp,165.68,125.21,0,6,benign
4.257,udp,307.53,225.01,0,7,benign
4.265,tcp,132.84,149.06,0,4,probe
0.2,tcp,6.61,8.54,0,23,dos
0.339,udp,13.02,14.59,0,22,dos
4.343,tcp,39.83,34.1,0,7,probe
6.064,tcp,447.03,301.81,0,4,benign
0.362,tcp,12.02,11.33,0,18,dos
7.522,udp,157.46,229.74,0,7,benign
6.274,tcp,339.02,249.53,0,2,benign
5.639,icmp,298.71,253.48,0,8,benign
11.426,icmp,982.79,917.61,0,4,u2r
0.451,udp,0.41,0.59,0,5,probe
3.413,tcp,90.16,103.33,0,4,probe
7.212,icmp,389.07,324.1,0,5,benign
6.965,tcp,216.81,243.67,0,3,benign
6.691,icmp,242.77,324.89,0,4,benign
4.329,tcp,302.27,359.62,0,2,benign
10.316,tcp,850.23,1094.63,0,4,u2r
8.285,icmp,120.27,103.79,0,6,benign
0.416,udp,14.16,18.72,0,16,dos
6.684,icmp,192.27,220.15,0,6,benign
4.381,tcp,375.48,281.73,1,6,benign
4.269,icmp,254.02,299.73,0,6,benign
3.603,icmp,165.9,216.05,0,5,benign
9.676,udp,212.58,289.21,0,8,benign
7.414,icmp,537.96,619.86,0,5,r2l
4.083,icmp,371.75,437.84,0,2,benign
10.81,tcp,271.23,359.63,0,2,benign
5.897,icmp,248.08,365.2,0,6,benign
8.719,udp,188.29,183.46,0,7,benign
7.692,icmp,551.18,466.78,0,5,r2l
10.421,icmp,285.12,219.24,0,5,benign
5.512,udp,216.82,203.19,0,5,benign
3.808,udp,382.71,458.77,0,7,benign
1.504,tcp,127.76,118.32,0,9,probe
2.959,udp,125.9,117.84,0,3,benign
5.023,tcp,163.01,210.92,0,7,benign
0.372,tcp,42.89,51.56,0,23,dos
5.135,udp,262.65,224.92,0,2,benign
5.189,icmp,306.58,269.81,0,4,benign
3.246,udp,314.81,352.24,0,6,benign
6.243,tcp,251.45,292.97,0,10,benign
1.97,icmp,151.78,115.01,0,9,benign
5.822,udp,268.3,338.72,0,2,benign
9.81,udp,1346.5,909.36,0,5,u2r
4.673,tcp,184.27,252.99,0,8,benign
7.47,tcp,161.14,109.98,0,5,benign
9.614,icmp,921.91,1260.81,0,8,u2r
5.185,udp,309.65,329.19,0,3,benign
17.105,udp,842.37,822.92,0,3,u2r
6.686,icmp,248.16,303.09,0,6,benign
0.104,icmp,30.97,44.64,0,16,dos
10.54,udp,448.69,554.6,0,6,r2l
0.787,udp,31.13,36.75,0,13,dos
8.393,udp,46.29,42.89,0,3,benign
5.729,tcp,78.13,91.47,0,2,benign
2.456,icmp,142.66,109.11,0,5,probe
2.201,udp,167.36,116.1,0,9,probe
6.009,udp,645.21,493.16,0,3,r2l
0.01,icmp,22.87,15.85,0,25,dos
4.929,udp,200.7,263.38,0,3,benign
5.572,udp,332.85,224.15,0,1,benign
0.084,icmp,13.84,19.89,0,17,dos
4.138,icmp,80.39,78.53,0,6,probe
0.119,udp,10.36,11.74,1,2,worm
3.156,tcp,112.75,138.19,0,3,probe
5.825,udp,690.44,464.22,0,5,r2l
0.01,icmp,46.64,54.78,0,17,dos
5.238,icmp,386.47,309.22,0,3,benign
0.857,tcp,17.67,25.11,0,19,dos
5.283,udp,373.38,422.86,0,1,benign
5.763,icmp,273.35,214.27,0,3,benign
5.056,tcp,308.95,394.78,0,5,benign
2.258,icmp,103.73,152.81,0,8,probe
18.27,udp,962.11,936.72,0,6,u2r
0.21,udp,4.14,4.47,0,3,worm
6.311,udp,136.85,123.76,0,7,benign
4.966,icmp,187.51,271.93,0,8,benign
3.676,icmp,297.96,205.89,0,5,benign
3.758,icmp,422.99,293.92,0,2,benign
0.484,udp,12.48,10.71,0,19,dos
3.374,udp,197.18,243.15,0,3,benign
4.441,udp,215.66,289.82,0,4,benign
0.309,tcp,24.93,24.44,0,20,dos
5.071,icmp,286.44,200.37,0,8,benign
4.512,udp,257.59,210.33,0,5,benign
2.929,udp,163.15,200.5,0,6,benign
0.203,udp,21.2,31.35,0,20,dos
5.219,tcp,264.09,295.78,0,2,benign
2.227,tcp,289.19,338.09,0,9,benign
0.424,icmp,25.16,35.23,1,18,dos
4.044,tcp,104.28,112.78,0,12,benign
0.67,tcp,13.72,9.77,0,14,dos
4.999,udp,229.29,180.01,0,6,benign
5.991,tcp,319.77,217.53,0,5,benign
0.6,icmp,24.09,31.3,0,21,dos
4.431,tcp,310.02,354.3,0,9,benign
1.18,icmp,16.87,20.87,0,21,dos
4.52,udp,149.52,119.63,0,6,probe
0.777,tcp,18.04,19.95,0,21,dos
5.525,icmp,250.43,189.61,0,6,benign
7.955,icmp,278.97,204.23,0,7,benign
1.781,icmp,379.02,515.27,0,4,r2l
6.023,icmp,229.35,325.87,0,6,benign
5.19,icmp,196.21,225.55,0,7,benign
4.244,tcp,179.55,168.04,0,3,benign
3.289,tcp,206.27,247.1,0,3,benign
0.724,tcp,30.15,29.17,0,14,dos
0.632,icmp,18.87,22.58,0,13,dos
0.601,icmp,24.93,17.4,0,25,dos
4.276,udp,424.85,309.33,0,2,benign
2.873,tcp,281.8,252.11,0,8,benign
6.25,icmp,315.41,268.82,0,1,benign
2.942,udp,109.2,96.07,0,4,probe
3.1,icmp,132.63,160.19,0,5,probe
12.972,icmp,1211.59,1393.75,0,5,u2r
6.164,icmp,182.23,139.19,0,3,benign
8.158,icmp,309.92,272.63,0,3,benign
0.01,tcp,151.23,179.98,0,4,benign
5.217,tcp,219.56,223.85,0,5,benign
1.22,tcp,85.63,97.45,0,4,probe
9.891,tcp,444.21,342.44,0,2,r2l
2.23,icmp,87.48,100.82,0,2,probe
5.682,tcp,262.87,227.37,0,3,benign
8.505,udp,318.55,429.24,0,3,benign
9.481,udp,281.75,308.0,0,3,r2l
0.773,icmp,10.27,14.63,0,21,dos
5.346,udp,422.17,289.72,0,5,benign
5.648,icmp,216.47,274.9,0,4,benign
0.692,udp,20.88,24.86,0,24,dos
4.117,icmp,56.84,72.96,0,5,probe
5.794,tcp,462.36,401.0,0,0,benign
0.363,icmp,46.15,31.38,0,18,dos
6.648,udp,144.86,167.15,0,3,benign
0.373,tcp,30.66,37.53,0,17,dos
4.928,udp,302.66,409.88,0,7,benign
1.883,icmp,156.92,114.19,0,7,probe
2.799,udp,257.65,354.88,0,3,benign
12.314,udp,738.37,588.03,0,2,u2r
3.372,udp,322.34,231.23,0,6,benign
2.26,tcp,90.11,80.55,0,6,probe
5.68,icmp,281.23,248.08,0,4,benign
7.339,udp,208.29,176.95,0,2,benign
4.625,tcp,213.83,229.95,0,2,benign
11.46,tcp,358.46,276.53,0,9,r2l
0.277,icmp,69.53,50.0,0,18,dos
6.155,tcp,181.38,152.72,0,7,benign
0.2,tcp,4.76,6.72,0,19,dos
1.18,tcp,160.03,205.55,0,7,benign
0.01,udp,289.1,275.51,0,5,benign
4.256,icmp,263.88,226.99,0,4,benign
6.688,tcp,349.27,320.45,0,6,benign
2.793,udp,243.44,364.43,0,2,benign
3.491,udp,111.65,144.09,0,3,probe
3.743,udp,283.29,363.87,0,7,benign
9.768,icmp,680.29,496.22,0,6,r2l
2.073,tcp,183.77,248.9,0,7,benign
0.428,icmp,35.59,39.93,0,17,dos
0.559,icmp,32.77,37.61,0,21,dos
4.508,tcp,275.54,211.62,0,6,benign
7.158,tcp,207.08,162.06,0,5,benign
0.304,udp,5.45,4.65,0,4,worm
5.069,icmp,145.85,198.94,0,5,benign
1.126,icmp,281.4,199.51,0,4,benign
2.273,icmp,110.11,93.57,0,4,probe
3.02,icmp,56.67,62.15,0,5,probe
3.878,icmp,258.08,256.95,0,4,benign
5.115,tcp,105.92,101.99,0,4,benign
6.206,icmp,116.99,121.89,0,3,benign
6.991,udp,270.97,275.74,0,3,benign
0.127,tcp,181.81,190.66,0,12,benign
17.24,udp,1754.21,1340.49,0,2,u2r
16.165,tcp,863.05,1275.92,0,2,u2r
3.077,icmp,106.13,119.7,0,5,probe
6.073,icmp,330.98,233.05,0,4,benign
5.66,udp,243.88,290.53,0,2,benign
0.01,tcp,98.38,124.74,0,6,benign
4.558,tcp,325.21,222.72,0,7,benign
0.621,icmp,35.88,26.76,0,20,dos
4.944,icmp,198.63,161.27,0,5,benign
6.607,tcp,282.31,274.82,0,1,benign
4.177,icmp,218.69,288.25,0,6,benign
4.089,tcp,182.5,248.74,0,2,benign
3.412,udp,242.1,316.71,0,8,benign
4.804,udp,279.94,399.54,0,4,benign
5.659,udp,531.17,651.84,0,7,r2l
3.381,tcp,169.1,234.75,0,3,benign
5.223,tcp,244.28,248.55,0,6,benign
8.633,tcp,276.52,324.08,0,2,benign
5.92,udp,197.01,220.19,0,7,benign
3.674,icmp,341.53,336.51,0,6,benign
5.314,udp,282.39,253.48,0,2,benign
9.765,icmp,174.49,168.43,0,3,benign
5.195,udp,321.49,346.38,0,12,benign
0.267,udp,7.12,4.78,0,6,worm
5.132,tcp,242.56,194.27,0,6,benign
5.829,tcp,175.63,202.63,0,7,benign
0.221,udp,30.83,40.53,0,16,dos
4.955,udp,181.95,182.53,0,7,benign
4.661,udp,176.71,241.77,0,5,benign
0.91,udp,14.85,16.24,1,19,dos
5.363,tcp,164.02,185.4,0,3,benign
4.892,icmp,449.14,644.8,0,2,r2l
8.099,tcp,662.28,452.18,0,5,r2l
5.117,icmp,329.61,275.59,0,5,benign
2.754,tcp,348.84,256.86,0,4,benign
5.566,icmp,320.08,226.9,0,1,benign
2.799,icmp,178.02,122.51,0,8,probe
6.774,tcp,220.66,284.46,0,7,benign
0.616,icmp,21.54,19.49,0,28,dos
2.3,icmp,183.36,258.77,0,4,benign
9.07,udp,119.65,124.74,0,1,benign
5.733,tcp,182.19,174.51,0,13,benign
5.609,tcp,433.8,305.44,0,3,benign
6.999,udp,308.54,275.28,0,5,benign
1.287,icmp,332.43,308.12,0,14,benign
0.799,icmp,25.34,23.3,0,21,dos
5.355,udp,349.44,437.88,0,6,benign
4.291,udp,278.7,232.66,0,5,benign
5.469,icmp,228.14,329.94,0,7,benign
3.187,icmp,661.43,665.99,0,4,r2l
2.702,udp,304.99,354.24,0,3,benign
6.27,udp,291.83,215.94,0,1,benign
4.186,icmp,234.75,219.77,0,5,benign
0.039,udp,15.47,18.77,0,23,dos
6.389,udp,288.52,401.99,0,2,benign
2.356,icmp,233.53,191.15,0,2,benign
1.101,udp,527.79,696.58,0,10,r2l
18.793,tcp,720.4,946.46,0,2,u2r
8.684,udp,331.85,312.95,0,2,benign
5.105,udp,273.65,387.34,0,5,benign
5.471,icmp,223.84,290.52,0,7,benign
0.495,icmp,29.77,31.77,0,18,dos
0.388,icmp,35.71,32.05,0,17,dos
7.738,icmp,244.93,328.86,0,7,benign
0.072,icmp,1.79,1.56,0,8,worm
5.648,udp,518.56,391.13,0,2,benign
4.781,udp,237.82,352.46,0,5,benign
4.181,udp,290.41,355.69,0,6,benign
3.061,icmp,349.19,254.59,0,5,benign
0.01,udp,1093.11,882.45,0,8,u2r
0.43,icmp,50.73,37.81,0,25,dos
11.476,icmp,1273.86,1191.17,0,3,u2r
3.344,tcp,34.25,44.29,0,5,probe
2.905,icmp,205.64,237.37,0,7,benign
0.169,tcp,35.77,32.99,0,15,dos
7.178,udp,231.02,286.25,0,6,benign
4.175,udp,202.89,259.04,0,7,benign
3.736,udp,362.17,281.61,0,8,benign
3.913,tcp,375.52,371.69,0,7,benign
3.042,icmp,128.19,122.6,0,1,probe
4.879,tcp,447.69,514.9,0,5,r2l
2.342,udp,108.94,89.05,0,8,probe
4.43,tcp,192.59,141.54,0,8,benign
2.831,udp,69.14,63.25,0,3,probe
6.266,tcp,371.84,481.54,0,4,benign
4.659,tcp,350.94,311.27,0,4,benign
5.077,icmp,144.28,197.27,0,4,benign
7.2,udp,62.5,43.73,0,5,benign
4.386,icmp,186.87,275.22,0,4,benign
2.538,udp,51.84,54.6,0,6,probe
3.147,tcp,109.13,144.97,0,10,benign
6.793,icmp,233.77,349.2,0,5,r2l
1.748,tcp,48.62,56.81,0,9,probe
0.742,tcp,337.41,354.79,1,3,benign
3.463,tcp,81.39,122.02,0,7,benign
0.383,udp,42.14,34.67,0,19,dos
0.744,tcp,33.45,44.28,0,23,dos
11.787,tcp,1027.21,1181.28,0,5,u2r
0.154,udp,23.64,28.02,0,17,dos
6.638,tcp,262.13,237.7,0,7,benign
4.063,udp,270.86,228.9,0,5,benign
0.354,tcp,8.51,12.34,0,16,dos
2.833,udp,151.05,122.27,0,8,probe
4.25,tcp,248.22,310.97,0,6,benign
4.496,udp,215.55,251.88,0,4,benign
6.16,tcp,1800.77,1232.91,0,4,u2r
8.457,tcp,119.97,169.25,0,5,benign
0.875,udp,46.08,58.64,0,12,dos
5.737,icmp,238.47,271.27,0,9,benign
5.731,icmp,185.97,258.89,0,7,benign
3.719,icmp,297.8,296.19,0,4,benign
3.811,udp,318.34,341.31,0,5,benign
6.331,tcp,328.69,357.03,0,7,benign
1.055,icmp,24.55,26.44,0,17,dos
4.922,tcp,156.06,211.55,0,4,benign
6.57,icmp,292.01,281.17,0,4,benign
0.331,udp,32.7,21.89,0,19,dos
6.065,tcp,265.37,344.99,0,5,benign
5.786,udp,369.43,249.44,0,7,benign
3.957,tcp,242.46,190.3,0,2,benign
5.47,tcp,459.99,620.81,0,1,r2l
2.592,udp,60.08,86.57,0,8,probe
0.365,icmp,38.59,34.9,1,18,dos
6.68,icmp,297.04,243.81,0,4,benign
4.013,udp,322.84,300.25,0,3,benign
2.426,udp,239.7,179.07,0,8,benign
2.572,icmp,98.48,90.49,0,5,probe
0.847,tcp,33.52,22.95,0,23,dos
4.509,udp,204.89,239.55,0,2,benign
7.091,udp,225.27,304.19,0,5,benign
10.769,udp,264.0,194.18,0,10,r2l
3.365,udp,161.84,118.01,0,2,probe
6.916,tcp,414.53,581.46,0,7,r2l
4.386,icmp,265.16,298.69,0,2,benign
7.405,tcp,250.39,300.45,0,3,benign
1.874,udp,301.47,216.0,0,5,benign
1.866,udp,278.67,370.57,0,5,benign
3.994,udp,631.84,592.9,0,5,r2l
4.407,udp,269.66,359.82,0,9,benign
8.367,tcp,178.11,164.6,0,6,benign
3.93,udp,250.11,219.94,0,4,benign
0.572,icmp,230.27,198.16,0,6,benign
6.826,tcp,648.54,669.36,0,6,r2l
0.374,tcp,21.69,21.66,0,18,dos
4.617,udp,169.71,203.49,0,6,benign
6.333,udp,299.86,259.36,1,5,benign
5.228,udp,389.95,282.32,0,2,benign
5.292,udp,149.61,215.93,0,6,benign
3.987,icmp,171.44,186.87,0,6,benign
2.082,icmp,82.97,120.27,0,7,probe
0.621,icmp,4.44,3.67,0,27,dos
3.174,udp,129.57,188.06,0,9,benign
3.281,icmp,44.03,60.13,0,4,probe
4.594,udp,291.91,214.49,0,8,benign
3.205,udp,173.46,137.37,0,4,benign
0.639,tcp,20.52,16.93,0,18,dos
5.088,udp,128.98,157.63,0,4,benign
2.871,udp,146.99,196.84,0,1,benign
3.844,icmp,268.22,186.05,0,8,benign
6.048,tcp,217.95,206.96,0,6,benign
6.505,tcp,261.19,231.16,0,6,benign
1.8,icmp,201.88,221.49,0,3,benign
0.571,icmp,15.66,11.09,0,18,dos
5.423,icmp,137.86,109.16,0,4,benign
6.125,udp,185.94,141.87,0,1,benign
2.036,icmp,88.39,82.33,0,3,benign
2.817,udp,144.41,105.26,0,6,probe
1.545,icmp,183.32,194.74,0,9,benign
0.1,icmp,0.49,0.51,0,2,worm
0.502,tcp,40.69,33.52,0,22,dos
2.248,tcp,165.26,183.08,0,2,benign
1.784,icmp,273.32,295.85,0,7,benign
6.109,tcp,262.2,376.76,0,5,benign
4.77,tcp,273.73,216.42,0,3,benign
3.415,icmp,321.15,268.79,0,7,benign
3.115,icmp,312.95,424.84,0,6,benign
0.077,udp,6.31,7.02,0,4,worm
1.45,tcp,417.68,291.73,0,3,benign
5.474,udp,367.25,418.95,0,2,benign
0.126,udp,3.2,2.99,1,6,worm
0.211,udp,256.06,373.41,0,2,benign
7.256,tcp,256.25,348.21,0,5,benign
8.788,udp,416.21,618.56,0,5,r2l
3.768,tcp,140.33,156.9,0,4,benign
2.909,udp,274.85,335.06,0,5,benign
10.715,udp,168.12,222.28,0,8,benign
5.04,udp,216.8,153.4,0,2,benign
7.068,udp,360.9,256.88,0,6,benign
2.586,tcp,115.85,133.03,0,9,probe
5.32,tcp,244.07,282.5,0,7,benign
3.365,tcp,293.22,331.09,0,4,benign
0.499,icmp,34.25,33.01,0,17,dos
5.914,tcp,205.83,224.21,0,6,benign
5.092,tcp,438.71,434.68,0,4,benign
8.846,icmp,246.92,199.58,0,4,benign
1.446,udp,189.17,160.42,0,4,benign
4.527,icmp,218.63,303.2,0,4,benign
5.339,tcp,270.58,308.4,0,4,benign
9.139,icmp,553.74,382.73,0,1,r2l
5.485,icmp,206.9,305.91,0,3,benign
4.841,tcp,159.98,222.4,0,4,benign
2.338,udp,307.07,263.36,0,3,benign
0.991,udp,21.66,14.65,1,21,dos
10.122,tcp,367.62,372.99,0,4,r2l
4.635,udp,203.54,226.8,0,4,benign
6.319,icmp,762.36,855.41,0,1,u2r
4.211,icmp,149.38,220.77,0,2,benign
6.21,tcp,201.62,162.61,0,6,benign
3.499,udp,287.68,303.98,0,9,benign
0.425,udp,41.88,28.87,0,18,dos
5.506,udp,243.54,177.43,0,4,benign
8.479,tcp,340.73,385.94,0,3,benign
1.592,udp,214.27,176.85,0,5,benign
6.02,icmp,227.93,235.04,0,5,benign
0.092,tcp,24.99,31.49,0,15,dos
7.98,icmp,161.29,137.21,0,11,benign
0.818,icmp,22.06,23.21,0,17,dos
7.466,tcp,168.37,251.91,0,2,benign
9.631,tcp,1204.14,819.72,0,3,u2r
6.845,tcp,1141.86,906.44,0,4,u2r
10.942,udp,1257.86,1081.14,0,6,u2r
5.057,udp,435.19,350.96,0,7,benign
4.071,tcp,253.02,251.22,0,3,benign
5.669,tcp,247.93,269.07,0,3,benign
5.931,tcp,315.41,381.15,0,3,benign
6.452,icmp,319.25,338.08,0,3,benign
6.56,tcp,185.35,274.3,0,4,benign
6.5,tcp,283.43,264.84,0,5,benign
8.42,icmp,279.65,245.58,0,3,benign
3.154,tcp,205.3,279.58,0,6,benign
3.608,icmp,357.18,293.1,0,5,benign
3.099,icmp,142.98,136.68,0,5,probe
3.333,tcp,92.14,98.13,0,4,probe
3.03,icmp,141.98,102.03,0,5,benign
0.944,udp,25.13,18.36,0,21,dos
2.645,tcp,203.63,162.15,0,3,probe
19.765,udp,972.28,1169.82,0,5,u2r
5.464,udp,202.35,223.82,0,3,benign
0.885,icmp,24.98,31.11,0,23,dos
6.832,tcp,282.66,223.52,0,9,benign
5.84,icmp,244.15,347.48,0,6,benign
7.137,icmp,264.64,183.59,0,6,benign
1.729,icmp,226.07,330.62,0,8,benign
0.01,tcp,205.2,288.79,1,5,benign
6.464,tcp,342.43,229.53,0,9,benign
7.496,icmp,245.79,282.12,0,6,benign
3.537,tcp,159.57,158.43,0,6,probe
4.493,tcp,257.78,202.26,0,5,benign
3.355,udp,244.95,212.58,0,7,benign
4.915,icmp,253.23,183.37,0,8,benign
0.647,udp,38.23,32.64,0,21,dos
0.341,udp,21.32,14.63,0,21,dos
3.846,icmp,117.12,109.45,0,9,probe
2.969,udp,183.08,148.18,0,6,benign
14.786,icmp,538.58,469.51,0,7,r2l
0.01,tcp,263.71,359.0,0,5,benign
5.447,udp,278.61,299.82,0,4,benign
4.244,udp,299.15,253.72,0,7,benign
5.556,icmp,247.46,263.19,0,4,benign
9.018,udp,203.15,295.69,0,9,benign
2.19,udp,263.07,272.13,0,4,benign
3.441,udp,113.89,95.32,0,4,probe
1.577,udp,148.33,203.54,0,7,benign
5.209,udp,268.55,379.81,0,4,benign
6.534,icmp,389.7,262.05,0,2,benign
4.33,icmp,231.13,298.75,0,4,benign
7.607,udp,407.56,312.75,0,8,benign
1.705,udp,269.52,403.85,0,4,benign
2.106,tcp,165.47,164.46,0,4,benign
5.013,udp,294.48,376.21,0,6,benign
10.453,udp,471.12,542.5,0,3,r2l
4.211,tcp,107.63,98.71,0,7,probe
0.893,icmp,19.49,19.91,0,22,dos
6.228,tcp,283.22,242.42,0,7,benign
7.092,icmp,133.29,93.89,0,6,benign
3.298,icmp,264.83,344.13,0,3,benign
7.342,tcp,298.99,225.84,0,6,benign
5.34,tcp,470.96,394.27,0,8,r2l
1.119,udp,0.55,0.45,0,22,dos
0.486,udp,12.21,16.9,0,30,dos
0.231,icmp,5.36,3.66,1,9,worm
3.648,tcp,182.57,128.51,0,11,benign
7.06,udp,122.86,117.15,0,8,benign
0.777,udp,18.32,22.74,1,27,dos
5.305,icmp,239.9,301.7,0,4,benign
1.204,icmp,30.74,28.51,0,17,dos
0.927,tcp,32.21,46.39,0,22,dos
5.905,icmp,280.76,272.03,0,5,benign
0.01,icmp,13.7,12.63,0,16,dos
5.582,tcp,122.57,138.48,0,4,benign
18.722,udp,1307.06,1802.54,0,1,u2r
4.496,tcp,463.08,322.0,0,6,benign
7.356,tcp,224.38,239.0,0,4,benign
6.498,udp,152.37,210.45,0,5,benign
4.718,udp,541.51,588.75,0,3,r2l
3.799,tcp,106.16,106.77,0,6,probe
0.651,udp,36.33,39.33,0,14,dos
0.18,udp,21.89,26.4,0,26,dos
3.256,udp,138.97,160.4,0,5,probe
0.369,udp,28.28,34.02,0,20,dos
2.647,icmp,153.05,193.4,0,4,benign
1.03,icmp,19.4,20.77,0,20,dos
3.985,udp,305.13,287.81,0,9,benign
2.095,icmp,47.3,68.24,0,7,probe
6.429,icmp,290.17,256.18,0,7,benign
4.129,icmp,219.4,274.59,0,4,benign
7.955,icmp,401.53,290.61,0,4,benign
9.622,tcp,422.9,371.41,0,5,r2l
0.137,tcp,5.55,6.31,0,5,worm
17.58,udp,1342.64,1069.76,0,7,u2r
0.089,udp,14.0,20.66,0,16,dos
8.025,udp,513.19,752.22,0,7,r2l
0.699,tcp,0.5,0.5,0,20,dos
0.651,tcp,18.47,21.91,1,28,dos
5.993,udp,255.58,209.18,0,4,benign
4.83,icmp,196.58,142.79,0,3,benign
0.332,udp,4.47,3.69,0,6,worm
4.287,icmp,62.61,92.69,0,3,probe
6.357,tcp,202.58,247.53,0,3,benign
1.286,tcp,358.81,256.84,0,9,benign
3.08,udp,168.63,222.49,0,9,probe
0.333,tcp,7.95,10.32,0,4,worm
2.151,icmp,30.07,40.08,0,5,probe
4.522,tcp,56.48,84.32,0,6,probe
3.51,icmp,294.04,297.81,0,4,benign
2.449,tcp,257.24,371.62,0,10,benign
0.126,udp,3.08,2.42,0,6,worm
8.543,udp,386.8,264.71,0,4,benign
1.187,icmp,49.66,52.51,0,3,probe
0.439,tcp,32.69,23.11,0,13,dos
3.182,tcp,104.89,122.04,0,6,probe
7.453,icmp,94.52,140.78,0,3,benign
8.686,udp,380.32,416.72,1,5,r2l
4.628,udp,344.81,238.28,0,4,benign
3.087,udp,100.74,138.95,0,3,probe
3.177,tcp,270.0,339.13,0,3,benign
0.343,udp,24.53,31.46,0,19,dos
8.33,udp,600.03,676.83,0,5,r2l
5.513,tcp,205.73,162.6,0,2,benign
2.512,icmp,225.57,298.29,0,5,benign
16.775,tcp,884.16,1289.36,0,4,u2r
2.408,udp,101.21,74.04,0,2,probe
1.534,icmp,226.52,218.02,0,4,benign
5.81,udp,299.81,399.67,0,5,benign
5.932,icmp,391.48,392.99,0,5,r2l
18.212,icmp,861.92,1251.39,0,10,u2r
4.271,icmp,146.88,208.41,0,4,benign
0.347,icmp,30.0,28.0,0,26,dos
5.781,tcp,230.09,241.71,0,1,benign
6.948,icmp,265.5,211.83,0,3,benign
6.46,icmp,336.61,303.93,0,4,benign
6.895,tcp,401.12,309.87,0,13,benign
9.082,tcp,558.82,637.76,0,3,r2l
4.487,tcp,320.34,266.1,0,5,benign
14.037,icmp,506.23,452.96,0,6,r2l
6.622,tcp,415.27,296.31,0,3,r2l
0.795,tcp,9.86,9.49,0,16,dos
5.942,tcp,230.43,259.99,0,5,benign
6.121,tcp,400.44,440.46,0,2,benign
13.518,udp,446.3,538.62,0,6,r2l
0.185,icmp,3.94,4.67,0,9,worm
7.412,tcp,374.56,255.9,0,5,benign
7.568,tcp,688.98,489.83,0,4,r2l
4.795,icmp,342.61,242.44,0,3,benign
5.396,icmp,269.83,240.0,0,3,benign
3.375,icmp,87.94,101.36,0,4,probe
2.567,tcp,171.1,185.43,0,4,benign
9.599,tcp,205.01,201.72,0,5,benign
8.595,icmp,121.74,128.25,0,5,benign
3.082,tcp,349.58,309.0,1,5,benign
2.355,udp,196.66,181.98,0,6,benign
5.407,icmp,263.66,237.54,0,6,benign
1.028,udp,16.39,11.91,0,13,dos
3.959,icmp,257.86,178.01,0,4,benign
0.515,udp,17.75,21.23,0,22,dos
6.121,tcp,422.91,446.43,0,4,r2l
15.493,udp,811.56,1214.86,0,7,u2r
5.997,tcp,347.26,392.98,0,5,benign
1.864,icmp,366.56,245.41,1,4,benign
5.97,udp,305.41,213.46,0,5,benign
7.658,udp,149.01,120.55,0,6,benign
3.404,udp,106.76,87.45,0,6,benign
5.483,icmp,110.55,123.21,0,3,benign
2.875,icmp,344.72,291.65,0,3,benign
0.503,udp,15.59,20.36,1,20,dos
4.935,icmp,362.38,271.26,0,7,benign
4.596,tcp,224.58,315.55,0,6,benign
3.688,tcp,307.66,275.13,0,6,benign
9.951,icmp,605.09,808.8,0,3,r2l
19.926,icmp,1203.19,1242.46,0,4,u2r
0.529,tcp,22.11,17.45,0,16,dos
0.404,tcp,20.13,26.48,0,19,dos
0.797,tcp,27.42,37.45,0,20,dos
6.5,tcp,254.36,226.17,0,9,benign
6.855,icmp,417.63,301.64,0,5,benign
2.548,icmp,94.39,101.07,0,5,probe
0.262,icmp,12.44,17.16,1,20,dos
0.144,icmp,25.9,26.68,0,29,dos
5.663,udp,406.97,477.51,0,5,r2l
5.759,tcp,230.11,315.06,0,4,benign
2.512,udp,58.69,49.15,0,8,probe
0.372,icmp,34.47,34.32,0,20,dos
4.401,icmp,206.45,198.78,0,4,benign
6.11,icmp,693.16,891.49,0,7,r2l
6.084,icmp,247.13,344.39,0,6,benign
5.064,icmp,238.17,167.69,0,4,benign
3.5,tcp,275.12,218.57,0,6,benign
5.203,tcp,95.8,76.19,0,6,probe
4.681,tcp,361.32,246.28,0,4,benign
7.577,tcp,212.16,196.47,0,5,benign
3.699,tcp,421.73,286.7,0,4,benign
6.085,tcp,166.98,248.09,0,3,benign
6.263,icmp,166.82,193.05,0,8,benign
0.414,udp,25.29,25.03,0,20,dos
3.475,icmp,200.93,154.67,0,7,benign
5.469,icmp,283.98,204.04,0,2,benign
7.574,tcp,236.94,353.17,0,7,benign
1.868,udp,273.01,297.68,0,5,benign
0.073,tcp,5.64,4.77,1,18,dos
2.975,udp,90.4,123.69,0,3,probe
7.641,udp,218.68,225.3,0,3,benign
1.122,tcp,30.36,23.95,0,18,dos
3.211,tcp,378.96,279.82,0,5,benign
5.158,icmp,212.15,196.53,0,7,benign
1.433,tcp,362.82,312.64,0,5,benign
1.394,icmp,426.86,356.55,0,3,benign
0.528,tcp,38.54,35.14,0,16,dos
0.509,udp,35.02,34.92,0,20,dos
3.264,icmp,311.46,267.86,0,1,benign
4.445,icmp,122.75,176.44,0,5,probe
0.402,udp,26.34,22.32,0,19,dos
2.454,icmp,513.39,393.2,0,8,benign
4.325,icmp,206.49,252.41,0,10,benign
5.875,icmp,284.37,224.78,0,3,benign
0.607,icmp,27.05,21.32,0,17,dos
3.03,tcp,106.05,76.14,0,6,probe
9.159,tcp,515.85,720.98,0,3,r2l
2.953,icmp,220.44,329.59,0,1,benign
7.318,tcp,322.14,342.13,0,6,benign
2.247,icmp,530.15,647.07,0,3,r2l
0.159,icmp,1.55,1.06,0,3,worm
6.894,tcp,386.11,412.72,0,4,r2l
12.015,udp,759.81,1139.36,0,7,u2r
2.058,udp,227.92,193.11,0,8,benign
2.481,udp,266.71,317.01,0,7,benign
5.431,tcp,339.71,328.76,0,4,benign
2.622,tcp,274.04,204.95,0,6,benign
5.858,icmp,263.82,339.69,0,1,benign
3.915,udp,173.45,165.23,0,6,benign
2.444,icmp,262.78,255.71,0,2,benign
4.405,tcp,167.07,123.86,0,4,benign
17.851,icmp,714.71,560.75,0,3,u2r
4.348,tcp,153.23,153.5,0,6,probe
0.699,icmp,10.14,9.5,0,23,dos
3.689,icmp,313.78,264.65,0,9,benign
15.739,udp,1259.28,1646.93,0,6,u2r
0.28,udp,8.79,9.39,0,2,worm
5.215,icmp,257.26,212.76,0,3,benign
5.683,udp,254.94,238.35,0,8,benign
0.497,icmp,24.95,19.29,0,13,dos
0.33,udp,33.64,41.55,0,20,dos
3.241,tcp,107.69,96.67,0,4,probe
4.914,udp,175.94,172.85,0,6,benign
5.44,udp,286.79,316.35,0,7,benign
10.022,tcp,323.5,462.93,0,8,r2l
0.578,icmp,1.42,1.41,0,16,dos
3.876,icmp,304.06,222.99,0,4,benign
0.36,udp,18.01,15.48,0,15,dos
3.694,udp,171.51,149.94,0,4,benign
6.658,udp,218.16,193.36,0,4,benign
0.63,udp,12.61,14.69,0,18,dos
2.932,udp,49.13,37.22,0,3,probe
5.3,udp,321.17,308.7,0,6,benign
5.673,tcp,182.0,145.62,0,4,benign
2.197,icmp,103.89,143.76,0,4,probe
2.063,icmp,374.75,305.12,0,5,benign
8.997,tcp,1127.16,1155.98,0,5,u2r
2.813,icmp,206.98,157.06,0,3,benign
4.808,tcp,302.27,204.66,0,5,benign
4.899,tcp,337.76,292.32,0,2,benign
4.959,udp,249.61,168.17,0,7,benign
0.372,udp,6.25,6.61,2,8,worm
7.549,tcp,120.89,170.68,0,7,benign
0.541,tcp,89.61,67.66,0,6,probe
7.09,udp,217.17,316.15,0,3,benign
17.195,tcp,884.35,633.43,0,9,u2r
16.951,udp,966.23,887.69,0,3,u2r
6.979,udp,363.32,306.97,0,4,benign
7.428,udp,216.85,318.44,0,3,benign
0.502,icmp,25.49,35.45,0,12,dos
8.147,icmp,103.19,109.29,0,3,benign
4.155,udp,277.3,373.0,0,5,benign
6.325,icmp,339.91,245.35,0,8,benign
0.49,icmp,52.2,37.13,0,17,dos
3.936,icmp,40.78,45.4,0,5,probe
0.013,tcp,2.71,3.72,0,5,worm
3.49,tcp,109.51,152.86,0,5,benign
6.082,udp,297.38,323.54,0,8,benign
3.648,tcp,118.35,176.43,0,8,benign
5.263,udp,156.29,145.17,0,8,benign
6.732,icmp,379.21,390.26,0,12,r2l
3.616,udp,338.89,376.21,0,4,benign
0.305,udp,16.13,21.41,0,19,dos
0.325,icmp,4.95,7.24,0,3,worm
14.327,icmp,1448.63,993.84,0,6,u2r
4.084,tcp,54.78,74.9,0,4,probe
1.487,udp,218.08,215.71,0,8,benign
6.545,udp,293.38,304.71,0,8,benign
3.269,tcp,190.95,174.91,0,3,benign
3.938,icmp,91.46,63.08,0,3,probe
0.805,tcp,26.47,37.55,0,20,dos
0.552,tcp,38.31,42.22,0,27,dos
6.999,udp,243.49,300.28,0,4,benign
6.618,udp,291.08,327.64,0,3,benign
0.975,icmp,51.62,39.63,0,19,dos
2.21,tcp,134.2,93.1,0,4,probe
3.158,icmp,204.0,266.17,0,8,benign
2.53,icmp,244.75,309.49,0,6,benign
7.201,tcp,169.95,181.05,0,4,benign
5.082,icmp,271.44,192.6,0,11,benign
6.744,icmp,188.81,133.06,0,4,benign
5.555,tcp,199.64,253.59,0,6,benign
3.004,udp,215.44,172.63,0,2,benign
2.765,icmp,185.6,151.28,0,5,benign
4.59,udp,268.82,324.96,0,4,benign
2.431,udp,84.38,62.71,0,5,probe
0.422,icmp,17.23,21.35,0,25,dos
7.052,icmp,302.02,323.86,0,5,benign
8.209,icmp,171.46,183.79,0,8,benign
0.098,tcp,291.1,366.76,0,4,benign
3.243,tcp,96.87,94.28,0,3,probe
3.428,udp,252.62,181.01,0,5,benign
7.459,tcp,359.59,267.74,0,5,benign
3.579,icmp,75.43,85.47,0,3,probe
4.305,tcp,195.47,264.88,0,2,benign
3.28,udp,104.83,75.7,0,8,probe
5.228,tcp,354.76,262.32,0,2,benign
3.263,udp,6.92,4.69,0,11,probe
6.611,icmp,226.96,169.06,0,2,benign
0.376,icmp,13.5,18.66,0,21,dos
2.935,udp,198.54,217.41,0,7,benign
6.839,tcp,177.38,180.81,0,5,benign
2.205,udp,196.73,167.3,0,4,benign
15.627,tcp,1552.55,1186.39,0,3,u2r
5.345,icmp,124.89,110.91,0,4,benign
0.178,udp,3.56,2.57,0,4,worm
5.871,tcp,208.5,277.27,0,9,benign
5.437,udp,180.41,263.57,0,7,benign
0.513,tcp,27.13,29.71,0,20,dos
8.989,tcp,845.39,1124.99,0,8,u2r
5.454,udp,210.93,165.38,0,10,benign
9.988,icmp,201.02,218.18,0,5,benign
4.577,udp,166.85,228.0,0,6,benign
5.523,udp,325.37,281.59,0,5,benign
4.12,tcp,206.11,230.45,0,9,benign
6.232,tcp,190.96,270.23,0,5,benign
4.237,udp,104.89,134.45,0,4,probe
0.475,udp,21.78,30.4,0,13,dos
9.101,udp,693.23,487.22,0,2,r2l
5.909,udp,278.93,416.75,0,5,benign
0.332,tcp,10.23,7.01,0,5,worm
8.507,icmp,224.67,319.74,0,3,benign
1.005,udp,172.92,214.77,0,6,benign
4.177,tcp,287.89,197.99,0,5,benign
4.652,icmp,287.65,248.36,0,4,benign
1.395,icmp,19.43,14.09,0,17,dos
0.805,udp,23.6,17.76,0,15,dos
5.917,icmp,273.31,271.45,0,9,benign
0.01,udp,30.83,30.37,0,26,dos
0.01,icmp,3.81,2.76,0,4,worm
4.014,tcp,308.92,461.67,0,6,benign
5.955,udp,259.68,230.39,0,4,benign
0.194,udp,3.13,2.56,0,7,worm
0.01,tcp,31.31,39.3,0,19,dos
4.345,udp,467.93,322.32,0,8,r2l
5.282,tcp,114.57,125.34,0,4,benign
5.357,udp,183.12,268.84,0,8,benign
5.828,tcp,160.72,126.02,0,11,benign
5.595,icmp,228.46,220.01,0,9,benign
3.704,icmp,90.24,61.84,0,9,probe
0.913,icmp,2.57,2.34,0,22,dos
8.598,tcp,356.97,513.45,0,5,r2l
7.054,tcp,280.36,343.83,0,9,benign
6.693,tcp,240.46,322.59,0,6,benign
0.135,udp,2.82,4.0,0,6,worm
0.434,icmp,22.07,16.5,0,21,dos
7.58,icmp,346.0,273.59,0,2,benign
0.214,udp,6.43,9.41,0,4,worm
4.298,icmp,269.7,298.59,0,3,benign
6.671,icmp,302.54,287.29,0,1,benign
1.531,udp,244.73,257.78,0,8,benign
5.904,icmp,389.08,403.75,0,6,r2l
6.165,udp,143.54,205.11,0,5,benign
1.77,tcp,382.63,315.51,0,7,benign
4.24,udp,175.03,208.75,0,2,benign
3.513,tcp,274.42,230.08,0,3,benign
5.403,tcp,510.28,427.68,0,2,r2l
0.688,tcp,297.44,329.74,0,9,benign
1.373,icmp,96.43,74.1,0,5,probe
15.638,tcp,1247.45,935.6,0,1,u2r
5.762,tcp,476.72,332.95,0,4,r2l
3.846,udp,348.77,264.21,0,7,benign
4.9,udp,82.94,110.36,0,3,benign
4.956,icmp,127.87,147.78,0,5,benign
0.321,tcp,14.94,20.14,0,23,dos
8.565,tcp,346.45,249.6,0,7,benign
4.691,tcp,417.55,417.56,0,6,benign
2.254,udp,165.73,176.71,0,2,benign
3.691,icmp,235.78,221.61,0,8,benign
1.237,tcp,179.95,155.56,0,4,probe
5.783,icmp,272.48,285.74,0,6,benign
0.602,tcp,22.17,23.37,0,13,dos
0.395,udp,17.48,17.47,0,16,dos
6.365,udp,144.47,144.04,0,2,benign
8.79,icmp,1748.76,1276.88,0,1,u2r
0.172,tcp,17.88,19.57,0,21,dos
6.778,icmp,417.78,371.32,0,7,benign
5.689,icmp,250.26,216.64,0,2,benign
9.662,icmp,413.47,328.55,0,6,benign
9.372,udp,249.75,305.32,0,3,benign
6.537,udp,950.22,814.16,0,6,u2r
5.108,udp,253.41,257.08,0,9,benign
4.412,tcp,221.37,290.39,0,2,benign
6.288,icmp,294.89,370.78,0,5,benign
6.586,tcp,334.26,320.18,0,5,r2l
0.617,udp,14.67,15.76,0,18,dos
4.377,icmp,296.34,229.46,0,9,benign
0.825,udp,22.63,15.58,0,30,dos
4.326,tcp,264.21,187.64,0,7,benign
3.594,icmp,385.66,307.55,0,4,benign
3.999,icmp,314.31,273.78,0,9,benign
6.213,tcp,272.94,270.17,0,3,benign
0.659,udp,65.49,53.63,0,7,benign
3.904,icmp,260.16,348.33,0,7,benign
0.516,icmp,3.28,3.76,0,26,dos
3.623,udp,219.23,271.76,0,6,benign
5.628,tcp,161.06,154.4,0,2,benign
16.028,udp,1155.18,889.06,0,3,u2r
1.008,tcp,25.27,34.05,0,21,dos
3.955,udp,110.73,129.12,0,4,benign
1.956,udp,117.0,163.89,0,9,probe
1.147,icmp,23.38,20.09,0,23,dos
0.244,udp,0.9,1.16,0,2,worm
0.395,icmp,0.85,0.69,0,15,dos
2.885,udp,298.03,260.98,0,3,benign
7.105,icmp,513.12,508.73,0,6,r2l
0.494,udp,39.01,35.9,0,15,dos
4.944,tcp,176.58,246.86,0,8,benign
0.762,icmp,12.93,13.13,0,15,dos
0.22,udp,19.29,20.05,0,18,dos
0.832,icmp,46.28,33.36,0,21,dos
5.885,udp,136.06,95.93,0,5,benign
0.617,udp,11.48,8.22,0,17,dos
6.527,udp,581.43,561.76,0,3,r2l
4.86,icmp,263.44,304.84,0,5,benign
0.219,tcp,7.48,8.08,0,6,worm
2.446,tcp,191.92,150.9,0,8,benign
3.62,tcp,174.85,193.89,0,4,benign
4.345,udp,357.75,294.8,0,12,benign
0.882,tcp,48.82,41.91,0,13,dos
6.062,tcp,978.06,663.76,0,5,r2l
0.496,udp,144.81,156.85,0,3,benign
5.661,icmp,293.38,326.16,0,3,benign
7.22,udp,418.5,285.64,0,0,benign
5.43,icmp,180.53,213.3,0,8,benign
2.201,udp,115.55,124.27,0,3,probe
4.691,tcp,200.73,139.8,0,5,benign
0.432,tcp,31.28,30.75,1,24,dos
4.003,icmp,107.75,83.51,0,7,probe
7.832,tcp,521.53,717.83,0,5,r2l
6.287,tcp,138.28,166.46,0,3,benign
8.117,udp,925.58,891.8,0,1,u2r
4.79,udp,195.54,159.44,0,5,benign
1.244,icmp,322.34,453.19,0,7,benign
4.944,udp,232.61,311.84,0,2,benign
5.513,tcp,552.54,536.17,0,6,r2l
0.355,udp,41.27,27.84,0,27,dos
2.586,udp,69.04,96.71,0,3,probe
0.201,tcp,7.71,9.98,0,9,worm
4.137,icmp,192.43,245.53,0,2,benign
9.62,tcp,319.2,234.57,0,4,benign
6.716,icmp,362.87,448.64,0,7,benign
1.155,udp,97.24,78.4,0,2,probe
4.076,udp,84.23,62.14,0,4,benign
6.097,icmp,299.09,274.51,0,4,benign
1.582,tcp,176.23,158.85,0,5,benign
2.355,udp,343.74,355.53,0,2,benign
2.33,icmp,88.81,79.23,0,3,probe
0.856,icmp,23.56,29.83,0,16,dos
10.828,tcp,378.64,417.18,0,3,benign
0.232,tcp,2.66,2.07,0,7,worm
4.824,icmp,284.25,310.68,0,3,benign
1.402,udp,76.09,52.03,0,4,probe
11.795,udp,911.67,1089.92,0,5,u2r
6.016,icmp,159.93,181.39,0,2,benign
7.156,icmp,179.46,165.54,0,2,benign
8.033,icmp,332.41,271.17,0,4,benign
2.502,icmp,222.81,259.04,0,5,benign
2.814,udp,233.08,272.08,0,2,benign
0.854,tcp,152.32,140.51,0,3,benign
3.196,tcp,235.62,322.53,0,5,benign
1.004,udp,29.43,27.96,0,22,dos
19.273,tcp,1322.94,1407.92,0,4,u2r
2.438,udp,210.48,233.03,0,1,benign
4.188,icmp,88.6,108.75,1,4,probe
3.933,icmp,399.65,403.66,0,8,benign
4.738,udp,150.27,112.53,0,5,benign
2.637,tcp,174.22,250.74,0,4,benign
6.992,tcp,122.81,98.79,0,5,benign
20.256,tcp,553.79,678.35,0,2,u2r
2.357,icmp,66.84,61.34,0,3,benign
1.826,icmp,227.48,339.41,0,4,benign
3.944,tcp,210.82,180.5,0,4,benign
0.187,icmp,24.67,26.39,0,26,dos
6.543,udp,278.64,290.72,0,6,benign
0.212,tcp,0.45,0.55,0,12,dos
20.259,udp,1374.13,1280.79,0,3,u2r
4.683,udp,295.73,244.84,0,4,benign
4.566,tcp,350.62,322.83,0,4,benign
8.554,udp,150.08,159.28,0,7,benign
1.487,udp,415.34,314.56,0,3,benign
7.218,tcp,133.32,168.83,0,5,benign
5.961,icmp,234.45,288.66,0,6,benign
3.309,icmp,197.1,161.43,0,5,benign
0.039,tcp,229.53,270.51,0,7,benign
6.797,tcp,183.13,173.3,0,4,benign
0.509,udp,23.94,23.41,0,15,dos
0.213,icmp,37.04,39.04,0,25,dos
3.387,icmp,197.72,228.09,0,6,benign
2.702,icmp,60.2,53.36,0,2,probe
0.155,icmp,22.06,16.71,0,23,dos
8.123,udp,459.0,362.52,0,6,benign
3.941,udp,134.82,192.44,0,9,benign
12.795,icmp,1215.92,963.06,0,6,u2r
0.93,icmp,17.92,13.05,0,28,dos
0.939,tcp,31.67,40.0,0,18,dos
3.496,icmp,296.9,410.86,0,1,benign
10.269,udp,237.83,309.78,0,7,benign
4.234,tcp,278.91,234.03,0,6,benign
17.076,tcp,1545.76,1062.13,0,2,u2r
0.31,tcp,7.31,5.42,0,3,worm
5.579,tcp,361.62,323.94,0,3,benign
6.3,udp,324.13,349.57,0,4,benign
4.288,icmp,69.56,98.09,0,1,probe
5.027,icmp,255.16,198.16,0,5,benign
0.977,tcp,535.47,663.41,0,4,r2l
18.041,tcp,1047.72,848.92,0,5,u2r
5.112,udp,231.62,241.78,0,3,benign
0.135,udp,37.07,43.49,0,23,dos
8.455,icmp,318.24,387.37,0,8,benign
3.834,tcp,360.69,318.71,0,7,benign
2.056,udp,117.4,92.2,0,6,probe
19.853,tcp,1070.84,1373.1,0,6,u2r
3.31,tcp,182.85,269.29,0,1,benign
0.965,tcp,31.07,46.4,0,26,dos
4.608,icmp,117.38,131.04,0,11,probe
9.063,udp,221.97,296.19,0,3,benign
19.897,tcp,631.87,535.02,0,1,u2r
3.736,udp,255.32,265.5,0,4,r2l
6.112,icmp,226.44,291.07,0,9,benign
7.056,udp,269.04,296.59,0,1,benign
3.861,udp,145.76,115.59,0,7,probe
2.376,udp,218.71,269.54,0,4,benign
2.958,icmp,14.12,14.53,0,3,probe
2.779,icmp,112.76,114.24,0,6,probe
2.333,icmp,250.36,185.69,0,4,benign
5.254,icmp,231.78,169.05,0,3,benign
3.189,tcp,328.11,260.58,0,2,benign
0.247,tcp,7.31,7.02,0,5,worm
0.711,udp,17.88,18.17,0,14,dos
4.744,tcp,116.41,81.21,0,5,probe
7.485,tcp,653.1,481.62,0,2,r2l
0.131,icmp,2.99,2.8,0,3,worm
4.641,udp,170.34,206.39,0,4,benign
15.277,icmp,1219.36,1438.12,0,8,u2r
6.376,icmp,289.16,221.03,0,7,benign
6.963,tcp,383.86,385.28,0,6,benign
5.987,tcp,274.42,199.34,0,1,benign
8.661,tcp,286.13,273.43,0,5,r2l
0.189,tcp,7.96,9.18,0,4,worm
8.156,icmp,305.09,371.99,0,4,benign
7.925,tcp,262.9,241.84,0,3,benign
0.224,icmp,4.46,5.36,0,6,worm
4.854,icmp,360.9,307.82,0,3,benign
0.622,icmp,23.39,21.53,0,26,dos
2.428,udp,30.23,36.41,0,7,probe
2.115,tcp,162.25,112.93,0,5,probe
6.863,tcp,190.84,177.75,0,6,benign
3.762,icmp,275.77,261.78,0,5,benign
8.412,icmp,319.39,239.0,0,9,benign
0.784,icmp,212.01,154.88,0,5,benign
5.603,tcp,391.34,405.84,0,5,benign
5.955,udp,201.45,150.86,0,4,benign
6.168,udp,216.63,225.4,0,6,benign
7.443,tcp,377.65,342.81,0,3,benign
4.911,icmp,367.71,375.74,0,6,benign
5.448,icmp,356.2,339.45,0,7,benign
2.462,udp,185.85,252.76,0,3,benign
1.651,icmp,323.71,239.07,0,12,benign
4.65,icmp,294.6,258.97,0,1,benign
17.707,udp,1404.78,1186.69,0,8,u2r
8.15,tcp,367.05,301.97,0,6,benign
1.465,tcp,183.72,193.73,0,6,benign
1.169,tcp,266.46,211.05,0,4,benign
5.432,udp,150.04,118.8,0,1,benign
4.413,tcp,35.59,47.61,0,2,benign
4.821,icmp,207.89,179.55,0,3,benign
13.52,udp,613.78,553.94,1,7,u2r
0.557,udp,35.8,34.78,0,19,dos
2.673,tcp,18.59,20.45,0,8,benign
4.187,icmp,265.4,320.38,0,5,benign
4.824,tcp,289.15,281.31,0,6,benign
2.244,icmp,313.04,393.94,0,8,benign
2.676,udp,110.93,138.41,0,3,benign
0.805,tcp,189.13,164.28,0,3,benign
8.465,icmp,245.98,187.44,0,4,benign
0.356,tcp,5.99,7.76,0,8,worm
3.523,icmp,268.22,384.23,0,6,benign
0.123,icmp,27.97,20.5,0,19,dos
6.871,tcp,225.4,268.33,0,5,benign
4.903,icmp,228.5,220.07,0,5,benign
5.97,icmp,270.31,184.1,0,5,benign
0.28,tcp,22.07,20.6,0,16,dos
3.446,icmp,150.03,105.64,0,3,probe
2.894,udp,306.63,270.76,0,3,benign
2.712,udp,87.38,122.19,0,4,probe
4.646,icmp,242.8,185.45,0,5,benign
7.908,tcp,280.78,378.75,0,3,benign
4.813,udp,435.32,342.25,0,5,benign
2.822,udp,152.56,103.1,0,4,probe
4.831,icmp,379.18,334.77,0,7,benign
2.347,icmp,215.63,275.14,0,2,benign
3.445,udp,78.65,64.8,0,3,probe
4.666,icmp,293.55,218.41,0,5,benign
6.479,udp,365.02,386.47,0,5,benign
0.723,udp,21.42,17.87,0,18,dos
8.471,icmp,603.43,709.18,0,8,r2l
6.634,icmp,179.35,225.66,0,6,benign
7.612,tcp,155.34,196.61,0,3,benign
8.141,tcp,550.79,620.91,0,5,r2l
9.421,tcp,222.01,330.85,0,5,benign
4.423,icmp,300.85,313.01,0,4,benign
10.622,udp,392.28,368.02,0,6,r2l
7.382,icmp,198.37,186.68,0,8,benign
0.653,tcp,33.94,22.64,0,9,dos
20.328,udp,919.19,1334.06,0,5,u2r
4.738,tcp,201.32,247.55,0,6,benign
4.793,icmp,181.36,164.37,0,8,benign
5.072,icmp,355.4,239.81,0,6,benign
6.275,udp,135.12,164.52,0,3,benign
0.254,tcp,50.03,43.43,0,22,dos
2.264,udp,240.45,205.96,0,8,benign
5.67,icmp,466.65,342.31,0,4,benign
4.836,icmp,93.11,104.49,0,1,probe
7.825,icmp,262.31,337.63,0,7,benign
3.557,udp,394.73,267.49,0,7,benign
5.147,udp,325.8,222.93,0,5,benign
2.144,udp,105.79,144.49,0,3,probe
3.381,tcp,308.76,265.48,0,5,benign
2.075,tcp,112.72,117.89,0,5,probe
5.475,udp,289.36,392.96,0,8,benign
6.368,icmp,386.51,342.62,0,3,benign
4.552,udp,351.9,362.15,0,9,benign
7.725,udp,214.83,146.26,0,5,benign
6.709,icmp,278.6,233.28,0,2,benign
0.403,icmp,10.73,13.46,0,26,dos
8.1,icmp,280.17,193.08,0,10,benign
3.508,tcp,238.57,189.9,0,2,benign
11.181,icmp,740.67,532.83,0,0,r2l
3.333,tcp,130.22,157.88,0,2,benign
7.521,tcp,570.31,520.76,0,6,r2l
6.113,udp,169.19,153.11,0,7,benign
0.237,udp,22.72,30.14,0,18,dos
4.712,icmp,249.82,265.38,0,8,benign
4.99,tcp,339.91,313.8,0,6,benign
6.248,icmp,195.32,155.8,0,6,benign
6.641,icmp,234.1,158.95,0,5,benign
3.085,udp,50.07,68.41,0,1,probe
2.116,icmp,91.01,102.5,0,5,probe
12.476,icmp,945.98,739.51,0,6,u2r
6.569,udp,232.01,230.08,0,2,benign
3.879,icmp,288.67,219.04,0,3,benign
8.312,udp,340.73,431.68,0,4,r2l
8.696,icmp,345.08,369.35,0,6,benign
4.557,tcp,210.59,268.11,0,7,benign
5.9,icmp,314.99,217.36,0,6,benign
5.372,icmp,499.97,336.97,0,4,r2l
0.815,udp,29.67,41.82,0,20,dos
2.68,icmp,239.02,354.1,0,4,benign
10.619,icmp,423.38,316.75,0,6,benign
6.656,icmp,390.06,273.06,0,4,benign
3.308,icmp,35.86,31.76,0,6,probe
0.139,tcp,6.03,6.86,0,6,worm
2.108,udp,289.69,327.24,0,6,benign
8.234,tcp,336.92,359.51,0,3,benign
4.03,tcp,434.26,309.42,0,2,benign
0.489,icmp,15.95,17.48,0,20,dos
7.351,tcp,364.55,262.37,0,4,benign
0.339,udp,33.02,38.05,0,17,dos
0.209,udp,3.61,4.43,0,1,worm
5.968,tcp,253.3,333.79,0,5,benign
0.565,udp,19.94,25.79,0,27,dos
0.571,udp,23.4,22.44,0,21,dos
0.378,udp,22.79,25.22,0,31,dos
9.62,tcp,635.16,620.36,0,8,r2l
5.906,icmp,336.18,352.09,0,2,benign
4.365,icmp,284.68,257.5,0,9,benign
8.074,tcp,140.05,169.26,0,5,benign
0.01,icmp,102.23,139.11,0,6,probe
0.151,icmp,3.45,2.72,0,3,worm
0.144,udp,5.29,5.28,0,4,worm
2.579,icmp,137.74,144.61,0,8,probe
0.576,icmp,10.52,10.12,0,26,dos
4.986,tcp,255.59,238.44,0,3,benign
9.214,tcp,231.02,166.3,0,5,benign
3.952,udp,52.39,75.54,0,9,probe
6.516,udp,466.46,583.06,0,2,r2l
10.408,icmp,203.01,224.28,0,5,benign
0.311,tcp,231.04,187.99,0,4,benign
4.698,icmp,235.45,190.62,0,3,benign
2.431,icmp,42.88,52.86,0,4,probe
5.58,udp,153.19,216.25,0,1,benign
2.485,tcp,128.81,123.83,0,7,benign
2.984,icmp,202.69,143.35,0,7,benign
0.796,icmp,26.46,26.25,0,32,dos
2.365,tcp,99.72,120.62,0,0,probe
5.994,udp,340.94,274.67,0,6,benign
3.687,udp,329.74,246.05,0,6,benign
4.581,udp,290.02,324.78,0,5,benign
2.414,icmp,82.27,115.09,0,2,probe
16.676,icmp,894.85,899.14,0,1,u2r
9.471,tcp,509.33,615.0,0,6,r2l
7.464,udp,603.87,544.57,0,3,r2l
3.155,tcp,178.87,125.47,0,4,probe
5.985,tcp,383.77,274.47,0,10,benign
0.013,tcp,33.86,29.85,1,28,dos
10.207,icmp,210.08,183.76,0,5,benign
4.383,icmp,332.78,383.35,0,5,benign
0.762,udp,31.19,25.27,0,17,dos
4.169,udp,519.76,407.76,0,5,r2l
9.347,icmp,406.98,394.06,0,2,r2l
3.03,tcp,268.55,197.61,0,6,benign
0.779,icmp,22.2,15.03,0,18,dos
4.818,udp,211.35,265.24,0,4,benign
20.498,icmp,717.35,1023.19,0,5,u2r
5.562,tcp,146.42,155.07,0,5,benign
0.622,udp,28.06,22.04,0,22,dos
3.772,tcp,324.67,227.56,0,2,benign
9.749,udp,275.62,210.29,0,6,benign
0.916,udp,15.35,14.41,0,25,dos
2.595,icmp,97.52,83.72,0,5,benign
7.581,tcp,243.05,338.32,0,5,benign
4.477,udp,260.94,197.46,0,7,benign
0.01,icmp,16.69,19.15,0,22,dos
4.907,icmp,279.83,304.6,0,7,benign
7.079,icmp,351.28,304.18,0,3,benign
6.397,icmp,223.53,271.76,0,5,benign
6.833,udp,233.37,317.48,0,8,benign
5.469,tcp,235.75,171.03,0,4,benign
4.491,tcp,323.46,256.53,0,7,benign
3.612,icmp,260.64,259.24,0,6,benign
0.902,udp,32.05,43.75,0,15,dos
2.505,udp,128.18,162.17,0,9,benign
0.139,icmp,32.52,23.07,0,17,dos
0.032,udp,2.37,2.44,0,5,worm
8.548,icmp,476.45,357.48,0,5,r2l
0.463,udp,14.75,17.85,0,23,dos
5.604,udp,104.15,120.37,0,7,benign
0.547,udp,5.23,5.87,0,23,dos
3.602,tcp,128.49,88.67,0,1,benign
0.691,icmp,35.82,26.68,0,21,dos
0.354,tcp,23.62,20.03,0,28,dos
8.683,tcp,301.71,370.4,0,7,benign
0.136,tcp,21.17,14.72,0,18,dos
2.56,tcp,96.53,139.48,1,2,benign
7.267,tcp,281.21,387.83,0,7,benign
6.323,icmp,209.75,293.94,0,4,benign
0.325,tcp,51.93,35.64,0,14,dos
0.343,tcp,31.9,25.55,0,15,dos
0.752,icmp,18.16,25.97,1,18,dos
3.608,tcp,281.85,351.0,0,2,benign
2.046,tcp,210.83,239.83,0,7,benign
3.759,udp,268.33,252.75,0,8,benign
8.902,tcp,400.15,390.98,0,6,benign
3.551,icmp,204.39,193.97,0,7,benign
2.926,udp,812.52,941.34,0,1,r2l
0.744,udp,271.81,197.17,0,7,benign
5.935,tcp,330.66,317.43,0,7,benign
0.532,tcp,50.58,43.06,0,19,dos
4.289,icmp,248.62,243.79,0,5,benign
8.674,tcp,125.15,172.37,0,4,benign
9.531,icmp,1849.68,1244.91,0,2,u2r
4.695,udp,265.7,225.91,0,2,benign
17.678,udp,850.0,1179.01,0,2,u2r
3.644,udp,202.84,214.54,0,9,benign
4.131,icmp,357.25,321.48,0,7,benign
1.235,icmp,72.78,63.41,0,5,probe
0.097,udp,28.79,26.62,0,15,dos
6.524,udp,269.24,363.76,0,4,benign
4.107,tcp,191.56,188.72,0,7,probe
3.441,icmp,124.57,124.29,0,1,probe
0.301,udp,4.49,3.85,0,10,worm
0.01,icmp,36.67,30.64,0,28,dos
7.171,udp,153.94,164.2,0,7,benign
4.883,tcp,144.47,177.97,0,3,benign
4.223,icmp,231.04,228.36,0,4,benign
3.423,udp,127.47,189.06,0,3,probe
10.806,udp,179.82,201.9,0,5,r2l
4.084,icmp,212.8,282.1,0,6,benign
3.042,icmp,84.64,119.08,0,5,probe
9.841,tcp,238.35,234.46,0,6,benign
6.017,icmp,247.94,309.49,0,7,benign
3.467,tcp,150.83,128.69,0,5,benign
2.544,udp,232.75,227.59,0,1,benign
5.822,udp,476.75,513.91,0,4,benign
4.519,udp,278.52,303.54,0,7,benign
2.678,udp,400.56,285.52,0,5,benign
0.198,tcp,31.95,37.54,0,23,dos
8.618,tcp,238.43,348.33,0,4,benign
18.331,udp,930.23,1028.15,0,3,u2r
1.338,udp,307.42,208.65,0,5,benign
10.064,udp,252.18,291.58,0,2,benign
0.297,tcp,18.23,24.85,0,14,dos
4.785,tcp,120.87,82.33,0,5,benign
5.264,udp,130.38,168.59,0,4,benign
0.293,icmp,27.74,31.74,0,19,dos
0.047,tcp,6.9,7.4,0,19,dos
5.454,icmp,93.47,133.04,0,5,benign
2.932,icmp,93.4,93.41,0,6,probe
8.152,udp,256.26,252.48,0,5,benign
6.197,icmp,218.98,164.31,0,8,benign
4.387,icmp,315.64,394.42,0,3,benign
7.095,icmp,39.89,48.27,0,9,benign
13.833,icmp,341.2,325.65,0,4,r2l
1.547,tcp,89.88,118.33,0,2,probe
5.261,tcp,505.18,395.58,0,5,benign
3.78,udp,214.98,201.95,0,7,benign
8.412,tcp,302.36,295.73,0,11,benign
2.435,udp,297.86,331.41,0,5,benign
5.344,tcp,189.31,213.58,0,5,benign
8.208,icmp,216.92,182.84,0,3,benign
3.843,udp,417.2,621.1,0,4,r2l
7.89,tcp,263.91,221.99,0,6,benign
9.571,tcp,324.46,426.29,0,6,r2l
2.92,udp,91.87,127.07,0,6,probe
3.155,udp,125.86,85.45,0,8,probe
0.127,tcp,5.95,4.24,0,4,worm
8.022,icmp,291.6,211.24,0,6,benign
1.38,udp,262.97,178.56,0,0,benign
8.281,icmp,150.25,122.52,0,8,benign
3.138,udp,250.34,326.37,0,7,benign
5.538,icmp,161.3,206.19,0,5,benign
5.905,udp,289.36,340.94,0,4,benign
8.889,udp,255.63,291.46,0,5,benign
16.029,icmp,683.69,972.58,0,4,u2r
4.697,udp,113.82,102.92,0,5,probe
2.068,tcp,342.75,303.17,0,5,benign
2.777,udp,66.61,49.98,0,5,probe
4.62,udp,517.99,524.74,0,7,r2l
7.272,tcp,213.07,212.42,0,0,benign
6.796,tcp,223.07,278.81,0,6,benign
3.1,tcp,129.17,97.16,0,4,probe
3.976,tcp,187.05,128.52,0,8,benign
7.843,udp,308.44,306.17,0,5,benign
7.946,tcp,298.2,402.52,0,6,benign
5.198,icmp,472.11,447.85,0,4,benign
2.7,tcp,78.93,98.22,0,10,benign
0.562,udp,28.0,26.1,1,15,dos
5.743,tcp,125.09,102.1,0,3,probe
9.317,icmp,296.5,229.05,0,11,benign
6.788,tcp,416.6,286.15,0,5,benign
0.34,icmp,29.39,43.15,0,20,dos
7.339,icmp,549.92,431.3,0,6,benign
4.425,tcp,143.41,138.68,0,6,benign
5.85,udp,216.86,284.69,0,5,benign
6.217,udp,144.31,129.62,0,3,benign
5.831,icmp,397.17,587.21,0,6,r2l
1.014,icmp,310.32,263.7,0,4,benign
3.69,udp,305.86,353.78,0,4,benign
1.627,icmp,308.42,218.14,0,5,benign
6.581,udp,233.37,323.59,0,6,benign
5.739,tcp,370.51,356.31,0,9,benign
5.879,udp,127.4,190.66,0,3,benign
5.893,tcp,237.58,192.9,0,1,benign
1.571,icmp,394.89,346.04,0,7,benign
5.079,udp,221.25,193.48,0,3,benign
0.233,tcp,38.66,34.78,0,12,dos
4.273,udp,121.75,179.06,0,9,benign
2.554,icmp,36.81,43.09,0,7,probe
0.402,tcp,13.79,13.46,0,20,dos
0.626,udp,26.58,39.62,0,21,dos
5.576,icmp,227.4,287.24,0,2,benign
3.274,udp,407.57,352.15,0,8,benign
0.368,udp,27.76,23.98,0,25,dos
6.8,tcp,418.79,288.4,0,5,benign
0.053,tcp,14.67,17.55,0,20,dos
1.096,icmp,85.62,109.35,0,1,probe
7.246,icmp,152.13,208.28,0,2,benign
7.25,tcp,167.02,220.45,0,4,benign
5.18,udp,85.64,114.98,0,8,benign
5.176,tcp,231.29,158.59,0,5,benign
0.01,tcp,8.37,7.38,0,4,worm
0.292,udp,15.16,16.4,0,22,dos
2.67,udp,152.63,122.54,0,3,benign
11.99,udp,204.62,137.32,0,7,r2l
4.799,icmp,296.05,325.08,0,4,benign
0.806,udp,101.75,117.68,0,4,probe
4.766,udp,285.42,225.63,0,5,benign
6.842,tcp,155.27,136.16,0,2,benign
6.462,icmp,286.16,256.43,0,4,benign
4.592,udp,208.57,276.54,0,7,benign
0.567,udp,29.45,31.99,0,18,dos
18.562,tcp,733.99,985.11,0,6,u2r
3.5,udp,60.02,74.23,0,3,probe
5.409,udp,226.89,329.88,0,4,benign
3.36,icmp,364.23,257.75,0,7,benign
2.544,icmp,231.9,310.59,0,9,benign
4.119,icmp,325.65,223.59,0,6,benign
4.951,tcp,355.6,275.75,0,8,benign
5.793,udp,390.24,283.49,0,2,benign
4.718,tcp,391.14,427.11,0,9,benign
2.656,tcp,160.69,238.23,0,5,benign
5.329,icmp,283.26,421.85,0,2,benign
3.275,icmp,355.74,412.89,0,4,benign
4.226,tcp,148.12,114.09,0,2,probe
4.528,tcp,283.96,269.55,0,4,benign
3.434,udp,159.97,119.95,0,7,benign
4.486,tcp,197.77,224.13,0,3,r2l
21.924,tcp,572.52,519.41,0,8,u2r
10.197,tcp,556.27,615.06,0,5,r2l
5.605,tcp,71.87,77.07,0,4,probe
3.541,udp,254.29,201.8,0,5,benign
0.816,icmp,13.9,18.12,1,19,dos
9.041,udp,298.75,349.35,0,6,benign
4.527,udp,247.97,255.21,0,6,benign
11.814,udp,388.47,387.75,0,5,r2l
6.232,udp,139.52,129.1,0,6,benign
4.387,udp,115.78,172.2,0,6,benign
0.259,udp,3.79,4.48,0,3,worm
2.975,udp,170.75,241.72,0,2,benign
3.943,udp,234.81,211.49,0,5,benign
2.086,icmp,242.7,179.8,0,6,benign
5.434,tcp,246.38,314.12,0,7,benign
4.69,tcp,373.73,277.64,0,6,benign
2.166,tcp,327.79,283.86,0,5,benign
15.978,icmp,934.7,992.02,0,3,u2r
0.188,udp,2.53,2.92,0,5,worm
3.721,icmp,209.46,193.17,0,10,benign
11.352,tcp,684.32,513.76,0,4,u2r
1.635,icmp,247.35,266.35,0,4,benign
3.268,icmp,289.72,245.72,0,3,benign
3.42,icmp,393.87,270.16,0,2,benign
13.812,udp,612.54,669.48,0,6,r2l
6.684,udp,296.1,362.86,0,7,benign
2.444,icmp,302.8,313.72,0,5,benign
2.248,udp,383.43,383.73,0,3,benign
3.082,tcp,85.37,116.04,0,9,probe
5.229,icmp,294.78,269.88,0,3,benign
9.154,tcp,439.61,318.71,0,4,r2l
7.675,udp,289.83,391.41,0,8,benign
4.622,icmp,23.55,33.2,0,7,probe
0.647,tcp,35.33,42.04,0,23,dos
5.628,udp,326.36,281.4,0,8,benign
3.072,tcp,228.39,200.43,0,2,benign
8.166,icmp,350.97,455.75,0,7,benign
3.195,icmp,182.77,206.79,0,4,benign
2.288,udp,66.24,70.97,0,9,benign
7.031,icmp,325.36,261.53,0,7,benign
0.545,udp,23.77,29.67,0,25,dos
3.034,udp,183.2,228.4,0,6,benign
5.471,tcp,213.14,172.03,0,3,benign
0.191,tcp,38.94,34.5,0,24,dos
0.646,tcp,20.46,18.24,0,23,dos
7.672,udp,306.72,244.22,0,5,benign
5.759,tcp,260.71,206.55,0,9,benign
9.04,icmp,517.01,688.74,0,7,r2l
2.359,udp,391.5,289.17,0,4,benign
0.01,tcp,270.17,190.51,0,3,benign
0.686,tcp,23.65,25.96,0,14,dos
4.571,icmp,363.73,472.55,0,5,benign
2.142,udp,293.53,249.4,0,4,benign
5.488,tcp,280.46,247.04,0,2,benign
0.643,udp,24.28,27.53,0,16,dos
2.206,icmp,240.66,225.85,0,6,benign
3.244,tcp,324.4,328.73,0,6,benign
0.01,icmp,258.29,324.8,0,8,benign
3.023,udp,187.07,202.89,0,2,benign
8.557,udp,218.83,215.61,0,5,benign
4.232,icmp,245.91,189.27,0,1,benign
4.901,tcp,178.47,220.86,0,5,benign
6.741,udp,268.95,273.56,0,3,benign
2.607,tcp,169.56,227.93,0,4,probe
10.828,icmp,33.03,45.12,0,5,benign
6.628,udp,169.27,209.87,0,4,benign
10.401,udp,610.22,606.63,0,7,r2l
5.26,udp,263.57,176.33,0,7,benign
0.236,tcp,24.05,29.22,0,17,dos
4.24,tcp,278.2,246.43,0,4,benign
0.01,tcp,10.37,13.83,0,15,dos
6.119,icmp,221.78,177.97,0,7,benign
2.25,tcp,265.57,183.82,0,3,benign
1.131,udp,119.17,120.01,0,4,benign
5.421,tcp,156.22,147.88,0,10,benign
19.55,udp,1396.36,1150.16,0,7,u2r
4.097,icmp,271.47,258.53,0,2,benign
9.877,udp,434.38,317.05,0,6,r2l
2.086,udp,206.31,158.16,0,8,benign
0.808,tcp,39.0,28.87,1,19,dos
8.92,udp,920.72,1013.53,0,5,u2r
9.47,udp,409.29,339.7,0,3,r2l
3.929,tcp,327.01,248.82,0,9,benign
4.887,tcp,165.82,197.37,0,5,benign
6.623,tcp,227.85,260.09,0,6,benign
5.97,icmp,327.17,262.07,0,7,benign
5.989,icmp,270.25,352.4,0,2,benign
4.642,udp,294.24,266.44,0,5,benign
3.925,tcp,221.13,254.08,0,2,benign
4.467,udp,155.3,216.48,0,5,benign
11.27,tcp,679.18,627.73,0,4,r2l
9.283,tcp,245.29,239.74,0,4,benign
7.922,tcp,342.97,365.08,0,8,benign
0.103,tcp,7.23,7.75,0,6,worm
10.921,udp,1027.66,1120.76,0,3,u2r
3.959,udp,153.68,164.03,0,4,probe
6.649,udp,244.05,281.54,0,12,benign
0.615,icmp,273.24,315.25,1,4,benign
3.932,udp,210.42,191.87,0,8,benign
4.078,udp,221.89,233.54,0,4,benign
6.111,icmp,234.64,194.0,0,6,benign
1.939,udp,149.07,118.34,0,1,probe
12.398,icmp,730.07,558.5,0,1,r2l
5.747,tcp,862.3,678.81,0,10,r2l
4.592,icmp,276.9,330.6,0,4,r2l
9.555,udp,192.53,192.63,0,7,benign
10.446,tcp,402.41,353.04,0,3,r2l
6.236,udp,197.69,290.5,0,3,benign
8.177,tcp,255.34,210.0,0,0,benign
0.25,udp,16.16,15.99,0,20,dos
0.714,icmp,23.92,33.83,0,24,dos
3.22,tcp,387.01,310.28,0,3,benign
5.87,udp,291.99,275.17,0,4,benign
0.518,tcp,3.74,2.82,0,18,dos
7.213,udp,327.96,256.78,0,2,benign
3.12,udp,315.79,259.39,0,5,benign
5.422,icmp,198.42,152.34,0,4,benign
4.619,tcp,227.45,225.58,0,5,benign
1.003,udp,30.71,27.7,0,25,dos
3.139,tcp,199.33,134.69,0,6,benign
4.483,tcp,208.32,138.99,0,6,benign
4.453,icmp,291.18,392.59,0,3,benign
6.104,icmp,292.22,261.32,0,9,benign
3.825,tcp,237.88,290.24,0,6,benign
4.482,tcp,338.88,248.94,0,8,benign
11.225,tcp,493.24,660.03,0,4,r2l
5.946,udp,293.59,220.56,0,9,benign
5.214,udp,331.29,455.03,0,4,benign
5.233,icmp,251.13,278.99,0,8,benign
5.449,tcp,288.06,311.16,0,3,benign
7.397,icmp,248.74,215.83,0,7,benign
0.331,icmp,5.03,4.49,0,6,worm
5.582,tcp,213.32,215.81,0,7,benign
4.711,tcp,260.08,295.12,0,3,benign
0.877,tcp,12.39,8.41,0,18,dos
6.499,icmp,241.86,204.43,0,5,benign
11.253,icmp,667.53,621.72,0,6,r2l
6.303,tcp,313.4,223.31,0,4,benign
6.504,tcp,209.12,197.73,0,6,benign
2.833,icmp,188.72,198.97,0,4,benign
9.007,tcp,284.57,195.87,0,3,benign
1.275,icmp,245.1,245.85,0,6,benign
5.619,udp,214.72,257.17,0,5,benign
3.642,udp,250.42,190.97,0,3,benign
9.469,udp,125.17,85.1,0,5,benign
5.87,icmp,211.4,191.48,0,6,benign
9.857,udp,544.32,815.49,0,4,r2l
5.075,udp,232.15,218.86,0,7,benign
6.925,udp,355.85,362.33,0,2,benign
2.287,udp,78.59,108.0,0,7,probe
1.539,icmp,216.92,224.13,0,5,benign
2.602,udp,246.81,360.69,0,6,benign
5.283,icmp,129.27,98.84,0,3,benign
7.844,icmp,271.37,269.43,0,3,benign
1.754,tcp,114.19,117.1,0,9,probe
8.672,udp,220.84,271.27,0,8,benign
4.089,icmp,180.11,206.92,0,5,benign
5.477,icmp,236.39,202.19,0,5,benign
3.452,icmp,271.94,300.98,0,3,benign
3.188,icmp,64.49,91.78,0,4,probe
4.494,udp,275.77,194.28,0,5,benign
0.525,icmp,30.61,37.41,0,19,dos
3.812,udp,301.11,441.28,0,3,benign
0.52,tcp,14.54,20.97,0,18,dos
3.889,tcp,372.23,369.55,0,6,benign
5.924,icmp,170.67,190.85,0,4,benign
7.851,icmp,290.5,287.95,0,5,benign
4.368,tcp,286.19,273.74,0,3,benign
0.625,icmp,27.97,27.18,0,29,dos
4.45,icmp,219.32,214.42,0,4,benign
4.305,tcp,70.92,72.37,0,3,benign
3.435,icmp,165.11,216.43,0,6,benign
4.411,tcp,113.13,115.65,0,6,benign
3.119,tcp,188.31,263.46,0,2,benign
6.259,udp,231.56,340.41,0,1,benign
2.827,udp,157.5,108.27,0,7,probe
2.643,icmp,266.24,349.84,0,5,benign
4.579,icmp,541.52,426.87,0,5,r2l
7.503,icmp,267.34,253.18,0,8,benign
1.084,udp,67.24,66.45,0,4,probe
0.214,udp,12.82,18.81,0,22,dos
5.868,tcp,197.8,197.7,0,4,benign
14.164,tcp,1737.72,1188.71,0,2,u2r
1.73,tcp,110.31,151.31,0,8,probe
5.527,tcp,151.48,144.69,0,3,benign
1.878,icmp,236.52,237.7,0,6,benign
6.669,udp,378.55,255.31,0,7,benign
4.57,icmp,355.46,246.31,0,3,benign
8.772,tcp,222.83,206.54,0,5,benign
3.952,tcp,384.28,321.69,0,5,benign
0.01,tcp,8.69,12.98,0,21,dos
1.934,udp,32.87,29.52,0,3,probe
5.317,tcp,243.45,223.43,0,2,benign
6.556,tcp,219.06,207.73,0,3,benign
14.38,tcp,549.32,468.13,0,4,u2r
3.658,icmp,268.17,194.8,0,4,benign
7.476,icmp,189.02,282.74,0,7,benign
6.153,tcp,290.53,297.24,0,3,benign
0.775,tcp,28.61,21.31,0,20,dos
5.746,icmp,622.89,851.99,0,4,r2l
2.771,udp,209.14,267.26,0,7,benign
5.893,tcp,262.16,309.89,0,3,benign
5.27,tcp,272.83,310.91,0,0,benign
2.612,udp,70.74,97.91,0,9,probe
11.899,icmp,687.47,535.0,0,4,r2l
3.457,tcp,87.29,60.96,0,7,probe
9.789,icmp,252.99,354.78,0,2,r2l
0.149,tcp,18.96,14.63,1,19,dos
5.657,udp,291.92,272.22,0,6,benign
1.018,udp,217.57,247.72,0,4,benign
7.507,icmp,274.25,187.11,0,4,r2l
0.224,tcp,29.7,26.27,0,13,dos
6.936,udp,314.08,259.48,0,6,benign
0.926,tcp,40.92,37.76,0,20,dos
5.449,icmp,328.82,427.29,0,8,benign
8.243,tcp,520.44,661.22,0,7,r2l
7.894,tcp,284.62,384.82,0,2,benign
8.002,icmp,424.02,591.3,0,6,r2l
1.184,icmp,114.22,124.66,0,8,probe
5.227,tcp,313.79,338.3,0,5,benign
5.82,tcp,159.45,137.06,0,5,benign
7.21,udp,142.67,208.11,0,5,benign
0.181,tcp,0.97,0.97,0,4,worm
5.059,icmp,123.46,153.11,0,9,probe
0.01,tcp,56.5,38.6,0,22,dos
4.583,udp,546.8,389.01,0,6,r2l
1.589,udp,152.09,110.62,0,7,benign
3.247,udp,17.53,23.55,0,8,probe
6.329,udp,327.81,226.78,0,2,benign
0.338,icmp,31.34,26.67,0,18,dos
8.856,udp,877.57,586.53,0,8,r2l
0.434,tcp,22.73,16.79,0,27,dos
4.452,udp,386.06,259.07,0,5,benign
2.935,icmp,253.69,307.78,0,4,benign
6.177,tcp,316.35,361.9,0,4,benign
3.241,udp,270.41,362.75,0,4,benign
7.245,icmp,148.98,112.42,0,9,benign
5.536,icmp,106.79,100.74,0,6,benign
4.297,udp,196.95,254.56,0,6,benign
5.136,udp,268.5,192.14,0,2,benign
2.263,udp,185.2,197.63,0,8,benign
2.425,icmp,279.18,271.36,0,5,benign
1.985,tcp,173.51,124.67,0,4,benign
0.7,udp,13.89,15.19,0,10,dos
5.311,tcp,37.5,50.08,0,3,benign
7.239,tcp,209.52,207.98,0,6,benign
5.204,udp,166.1,212.6,0,6,benign
6.172,icmp,249.44,276.13,0,9,benign
5.94,icmp,278.76,361.44,0,7,benign
3.847,tcp,194.96,195.84,0,4,benign
5.663,tcp,236.44,235.32,0,4,benign
0.312,tcp,35.86,30.37,0,19,dos
0.866,tcp,13.27,14.91,1,17,dos
6.639,icmp,315.85,214.63,0,7,benign
3.929,tcp,260.47,177.56,0,5,benign
6.102,icmp,278.56,257.31,0,5,benign
0.287,icmp,3.03,4.46,1,7,worm
0.66,icmp,40.57,42.99,0,15,dos
6.141,icmp,281.3,252.61,0,3,benign
6.475,icmp,301.03,356.87,0,11,benign
3.086,tcp,381.08,381.38,0,5,benign
4.805,icmp,194.18,279.2,0,5,benign
3.881,udp,335.82,246.06,0,4,benign
5.302,icmp,286.22,221.12,0,4,benign
0.179,icmp,2.61,2.93,0,2,worm
6.142,tcp,162.1,138.42,0,7,benign
6.662,icmp,153.81,182.31,0,3,benign
0.357,udp,50.2,41.6,0,22,dos
5.14,tcp,186.41,157.5,0,9,benign
5.979,icmp,335.34,411.63,0,7,benign
2.5,udp,143.8,159.58,0,6,probe
8.181,udp,361.14,256.93,0,11,benign
1.21,icmp,261.2,242.17,0,2,benign
4.532,tcp,203.67,275.65,0,5,benign
3.211,tcp,218.99,323.28,0,3,benign
3.273,udp,140.63,206.43,0,7,benign
8.993,icmp,258.14,322.47,0,10,benign
5.656,tcp,271.54,251.2,0,7,benign
3.543,udp,328.21,225.75,0,10,benign
6.268,tcp,411.27,424.55,0,5,benign
1.795,tcp,426.77,354.99,0,5,benign
6.773,tcp,194.48,259.87,0,3,benign
2.857,udp,272.7,389.44,0,8,r2l
0.267,udp,8.03,5.96,0,13,worm
6.271,icmp,268.76,345.14,0,1,benign
8.806,udp,325.6,260.71,0,3,benign
2.611,icmp,147.6,172.55,0,6,benign
1.642,tcp,355.07,252.73,0,5,benign
4.809,tcp,168.1,185.53,0,4,benign
5.028,icmp,141.66,182.57,0,4,benign
5.958,icmp,240.63,163.9,0,9,benign
3.612,icmp,181.39,226.48,0,2,probe
0.682,udp,37.23,30.16,0,24,dos
4.592,udp,191.33,205.83,0,3,benign
2.802,udp,86.54,118.1,0,4,probe
1.996,tcp,110.97,107.68,0,5,probe
4.835,udp,354.63,322.17,0,5,r2l
2.964,tcp,283.73,235.74,0,3,benign
6.791,icmp,291.19,399.64,0,11,benign
6.226,udp,200.75,190.12,0,9,benign
7.767,udp,224.4,201.23,0,3,benign
5.815,tcp,197.67,154.72,0,4,benign
0.15,icmp,4.9,4.35,0,8,worm
0.746,tcp,19.57,23.51,0,28,dos
6.681,icmp,174.33,131.65,0,3,benign
13.783,udp,968.9,1112.38,0,6,u2r
8.849,icmp,486.64,392.61,0,7,benign
18.058,tcp,646.93,858.32,0,4,u2r
3.268,icmp,210.97,188.25,0,5,benign
4.145,udp,285.58,213.08,0,4,benign
6.991,icmp,115.88,135.18,0,8,benign
5.405,tcp,257.61,287.85,0,3,benign
0.212,udp,1.5,1.63,0,6,worm
5.498,udp,127.56,190.09,0,6,benign
3.741,udp,123.85,160.71,0,5,benign
5.992,tcp,231.7,264.33,0,1,benign
1.151,udp,24.47,24.05,0,20,dos
1.016,udp,28.83,24.54,0,28,dos
2.796,udp,80.69,58.19,0,4,probe
6.206,udp,271.94,231.92,0,4,benign
0.349,icmp,291.56,248.69,0,5,benign
5.359,icmp,287.94,239.89,0,4,benign
2.379,udp,286.7,206.82,0,3,benign
6.578,udp,450.43,316.85,0,7,benign
0.585,udp,30.09,22.39,0,20,dos
3.496,udp,301.62,401.27,0,4,benign
6.67,tcp,288.73,247.66,0,6,benign
7.947,udp,106.17,159.26,0,7,benign
0.311,udp,321.65,254.23,0,4,benign
4.923,icmp,371.73,295.91,0,4,benign
0.253,icmp,43.67,40.21,1,32,dos
0.01,tcp,28.26,20.3,1,17,dos
4.281,tcp,67.62,48.78,0,4,probe
5.732,udp,101.31,83.71,0,3,benign
0.587,tcp,8.81,6.94,0,17,dos
0.896,udp,24.35,17.12,0,22,dos
0.379,icmp,11.32,9.83,0,23,dos
6.544,tcp,272.26,207.41,0,3,benign
5.724,udp,221.47,288.13,0,6,benign
6.159,icmp,243.72,214.98,0,5,benign
5.484,tcp,785.78,583.34,0,4,r2l
8.764,tcp,332.83,300.43,0,1,benign
2.856,udp,82.87,123.2,0,5,probe
3.611,icmp,231.24,285.66,0,5,benign
19.191,udp,667.22,800.34,0,7,u2r
9.459,icmp,252.96,226.76,0,10,benign
0.668,icmp,22.65,21.77,0,30,dos
1.045,icmp,328.4,458.67,0,6,benign
5.265,icmp,291.87,298.96,0,6,benign
3.847,udp,319.59,472.93,0,0,benign
2.499,icmp,172.06,152.92,0,4,probe
6.989,udp,264.74,258.95,0,3,benign
0.01,icmp,615.4,748.0,0,5,r2l
6.51,tcp,269.25,335.05,0,2,benign
4.593,tcp,84.93,73.88,0,8,probe
8.641,udp,260.06,376.46,0,6,benign
2.846,udp,129.64,163.32,0,6,probe
0.736,udp,34.35,31.75,0,17,dos
6.959,udp,324.96,286.07,0,8,benign
0.218,udp,14.87,21.54,0,25,dos
0.249,udp,49.33,51.05,0,23,dos
6.424,tcp,286.88,249.18,0,4,benign
7.65,icmp,148.98,154.87,1,3,benign
6.34,icmp,266.74,185.55,0,7,benign
0.694,tcp,119.57,162.84,0,5,probe
0.391,tcp,27.11,40.27,0,12,dos
0.211,udp,50.26,33.78,0,21,dos
2.279,icmp,226.17,226.59,0,7,benign
6.048,icmp,286.98,275.84,0,9,benign
0.383,icmp,33.91,39.08,0,17,dos
4.571,udp,115.31,84.18,0,4,benign
3.875,tcp,97.69,117.07,0,5,probe
1.379,udp,325.37,356.06,0,6,benign
1.597,udp,117.7,106.62,0,6,probe
11.418,udp,549.57,606.8,0,4,r2l
5.184,icmp,216.18,285.02,0,7,benign
0.611,udp,19.47,18.97,1,17,dos
5.256,icmp,90.65,113.3,0,6,benign
7.331,udp,249.82,302.88,0,12,benign
1.855,tcp,263.36,280.6,0,5,benign
5.856,icmp,335.36,453.39,0,6,benign
5.808,udp,215.02,321.87,0,10,benign
5.775,tcp,233.3,163.66,0,2,benign
0.639,udp,214.36,172.1,0,7,benign
9.376,icmp,447.29,475.19,0,5,r2l
1.081,tcp,18.5,25.02,0,18,dos
1.307,udp,275.32,335.77,0,5,benign
4.804,icmp,286.35,223.19,0,7,r2l
2.735,udp,48.53,56.32,0,4,probe
6.11,tcp,315.78,306.03,0,3,benign
4.741,tcp,304.12,268.44,0,4,benign
2.719,icmp,124.99,149.96,0,4,probe
0.688,udp,203.04,171.92,0,3,benign
3.255,tcp,72.74,50.13,0,3,probe
13.158,tcp,1250.14,927.82,0,6,u2r
6.177,udp,191.53,246.72,0,10,benign
2.786,udp,224.64,257.99,0,3,benign
4.618,udp,227.1,171.15,0,6,benign
8.362,udp,278.06,205.63,0,3,r2l
4.022,tcp,314.2,230.89,0,4,benign
6.991,udp,324.4,224.08,0,4,benign
1.48,icmp,229.23,281.34,0,4,benign
6.714,icmp,260.08,198.13,0,1,benign
0.274,icmp,34.68,32.74,0,30,dos
4.648,udp,241.81,292.22,0,4,benign
2.401,icmp,87.47,89.07,0,3,probe
6.161,icmp,206.24,292.07,0,5,benign
0.01,udp,290.55,357.69,0,8,benign
3.212,tcp,284.47,368.1,0,3,benign
3.551,udp,216.63,275.37,0,6,benign
3.474,udp,308.46,335.7,0,4,benign
5.172,tcp,391.77,311.3,0,5,benign
1.895,udp,303.38,256.47,0,7,benign
4.878,tcp,507.94,662.29,0,9,r2l
6.229,udp,213.31,178.33,0,4,benign
7.872,udp,339.08,374.75,0,3,benign
5.353,icmp,109.55,141.22,0,6,benign
4.075,udp,246.16,360.8,0,4,benign
4.89,icmp,151.48,136.25,0,5,benign
3.201,udp,236.2,252.94,0,7,benign
5.053,icmp,311.74,218.91,0,6,benign
0.528,udp,29.99,42.14,0,21,dos
5.648,icmp,158.87,136.06,0,6,benign
5.824,tcp,307.98,278.62,0,5,benign
3.791,icmp,405.95,285.24,0,4,benign
4.862,icmp,286.89,233.6,0,5,benign
0.224,icmp,0.41,0.59,1,3,worm
2.805,udp,227.68,219.56,0,7,benign
4.248,tcp,439.8,306.85,0,6,benign
5.353,icmp,257.11,335.94,0,7,benign
3.004,udp,249.47,271.17,0,3,benign
5.879,udp,234.82,261.66,0,4,benign
0.199,tcp,24.67,28.0,0,18,dos
4.261,udp,17.45,12.05,0,3,probe
2.845,icmp,148.23,113.81,0,4,benign
5.778,tcp,266.33,207.73,0,4,benign
10.545,udp,206.29,195.31,0,1,r2l
0.424,udp,13.35,19.26,0,19,dos
3.199,udp,308.14,252.4,0,7,benign
5.596,udp,526.07,376.46,0,5,r2l
2.706,tcp,209.23,256.65,0,6,benign
5.319,icmp,206.4,230.71,0,8,benign
7.365,icmp,203.55,289.18,0,1,benign
2.93,tcp,202.22,275.72,0,4,benign
1.278,icmp,375.15,266.29,0,7,benign
8.315,icmp,262.71,308.19,0,8,benign
4.332,udp,188.93,228.82,0,5,benign
0.266,tcp,3.66,3.88,0,6,worm
6.648,icmp,315.83,246.24,0,7,benign
5.767,icmp,202.14,292.19,0,4,benign
2.981,tcp,147.42,208.74,0,2,probe
5.939,icmp,286.3,243.09,0,6,benign
0.785,tcp,191.97,237.38,0,3,benign
4.996,udp,242.41,163.25,0,3,benign
4.398,tcp,244.51,241.06,0,5,benign
15.83,tcp,1452.68,1060.75,0,6,u2r
6.175,icmp,278.29,315.2,0,3,benign
4.291,tcp,271.51,233.1,1,5,benign
4.731,icmp,154.41,128.75,0,4,probe
5.784,icmp,360.47,301.16,0,5,benign
2.648,tcp,275.08,251.79,1,4,benign
2.63,udp,247.73,251.54,0,7,benign
6.295,udp,353.06,316.79,0,5,benign
6.861,udp,200.28,284.31,0,7,benign
0.333,icmp,101.35,95.28,0,5,benign
7.239,tcp,276.42,188.02,0,5,benign
3.433,tcp,47.96,59.96,0,3,probe
4.756,icmp,263.59,328.89,0,8,benign
4.827,udp,287.39,361.48,0,4,benign
2.034,icmp,68.14,97.21,0,8,probe
5.905,tcp,513.09,582.58,0,3,r2l
10.177,tcp,705.69,948.26,0,5,u2r
0.931,icmp,15.74,21.15,0,30,dos
3.054,udp,153.86,154.33,0,6,probe
13.873,tcp,884.43,764.88,0,5,u2r
0.543,tcp,34.82,27.14,0,21,dos
2.073,icmp,102.25,106.59,0,5,probe
0.528,icmp,24.66,17.19,0,32,dos
2.544,udp,69.66,87.1,0,10,probe
2.919,udp,129.03,130.21,0,4,benign
3.014,udp,643.44,525.83,0,5,r2l
7.516,udp,128.65,142.37,0,4,benign
2.746,icmp,304.52,262.73,0,6,benign
5.463,udp,233.36,182.06,0,6,benign
7.862,udp,309.87,351.08,0,3,benign
3.476,tcp,269.52,291.97,0,5,benign
0.866,icmp,30.24,24.74,1,30,dos
9.192,tcp,318.89,219.77,0,7,benign
0.552,tcp,22.29,33.02,0,17,dos
3.011,tcp,345.57,360.28,0,3,benign
4.287,udp,326.44,290.74,0,4,benign
6.317,tcp,497.55,358.18,0,4,r2l
4.882,icmp,310.37,226.08,1,7,benign
4.106,udp,307.88,322.28,0,4,benign
6.788,udp,264.03,181.64,0,2,benign
0.452,tcp,28.75,29.89,2,25,dos
0.873,tcp,7.18,7.29,1,29,dos
0.468,tcp,13.68,12.2,0,23,dos
8.078,tcp,139.06,175.56,0,6,r2l
0.37,udp,22.67,26.58,0,27,dos
0.231,tcp,7.2,5.14,0,7,worm
0.464,tcp,6.92,5.03,0,18,dos
6.297,udp,239.08,258.07,0,3,benign
6.331,icmp,460.85,594.37,1,7,r2l
5.609,icmp,309.84,377.51,0,4,benign
7.379,tcp,252.64,194.39,0,3,benign
7.868,icmp,439.46,457.91,0,10,r2l
1.768,udp,154.22,133.59,0,3,probe
4.248,udp,281.47,345.12,0,5,benign
2.089,icmp,88.21,87.13,0,3,probe
11.675,tcp,350.84,467.37,0,7,r2l
0.454,udp,21.25,15.36,0,33,dos
2.056,icmp,48.48,57.89,0,7,benign
3.701,icmp,370.2,262.43,0,4,benign
6.52,udp,175.69,188.72,0,7,benign
0.198,udp,8.65,5.85,0,6,worm
3.711,icmp,247.81,279.4,0,9,benign
0.727,icmp,29.24,28.73,0,27,dos
2.849,tcp,289.44,413.71,0,5,benign
5.546,icmp,417.48,316.57,0,7,benign
5.548,tcp,216.76,280.63,0,6,benign
4.133,udp,313.36,270.72,0,8,benign
3.837,tcp,178.16,218.58,0,8,benign
1.45,udp,64.35,70.29,0,2,probe
4.196,icmp,260.55,230.03,0,4,benign
5.683,udp,327.24,219.47,0,6,benign
5.129,icmp,628.42,750.99,0,6,r2l
4.921,icmp,229.99,273.8,0,4,benign
9.661,tcp,482.64,394.47,0,4,r2l
7.619,udp,261.97,286.77,0,1,benign
5.234,udp,181.9,126.19,0,4,benign
14.48,icmp,333.12,344.41,0,3,r2l
8.818,udp,610.09,454.61,0,2,r2l
0.906,icmp,33.9,37.18,0,24,dos
5.558,udp,189.35,155.6,0,4,benign
6.618,udp,249.07,198.67,0,5,benign
3.19,icmp,98.32,145.11,0,8,benign
5.553,icmp,208.36,280.22,0,3,benign
4.933,tcp,317.11,436.02,0,4,benign
3.613,icmp,138.8,103.84,0,2,benign
0.217,udp,28.44,32.59,0,19,dos
0.693,tcp,19.11,18.81,0,29,dos
4.826,icmp,281.52,357.51,0,4,benign
2.165,udp,316.25,252.15,0,4,benign
3.573,tcp,216.33,263.71,0,6,benign
3.38,tcp,82.18,90.65,0,7,probe
2.294,icmp,137.34,113.67,0,3,probe
6.358,tcp,281.81,351.53,0,6,benign
4.224,tcp,315.66,456.54,0,8,benign
7.226,tcp,247.26,245.16,0,1,benign
8.336,tcp,286.07,341.91,0,7,benign
4.453,icmp,70.3,80.82,0,6,probe
10.022,tcp,438.11,516.77,0,5,r2l
0.285,udp,25.26,23.48,0,24,dos
4.257,udp,211.23,179.73,0,4,benign
4.772,udp,402.85,467.53,0,8,benign
1.663,icmp,82.85,71.9,0,9,probe
4.91,icmp,275.87,184.0,0,6,benign
0.305,icmp,27.29,19.16,0,24,dos
2.316,udp,284.55,278.06,0,5,benign
2.97,tcp,260.96,212.35,0,6,benign
2.016,icmp,205.31,288.34,0,7,benign
4.153,tcp,312.66,327.95,0,6,benign
18.032,tcp,1000.81,1147.24,0,6,u2r
0.26,tcp,9.61,14.02,0,19,dos
2.963,icmp,146.6,190.42,0,2,benign
4.915,udp,344.69,443.03,0,5,benign
3.767,tcp,411.83,352.11,0,7,benign
2.579,icmp,273.52,193.98,0,6,benign
6.015,udp,359.3,349.72,0,5,benign
2.761,udp,283.1,253.95,0,4,benign
14.868,tcp,665.58,883.55,0,9,u2r
4.134,udp,252.06,176.2,0,4,benign
2.213,icmp,343.0,275.29,0,2,benign
4.933,tcp,222.25,316.27,0,6,benign
3.451,tcp,282.86,255.0,0,2,benign
10.131,icmp,1233.12,857.88,0,5,u2r
8.27,icmp,398.05,342.89,0,6,r2l
0.667,udp,16.86,24.99,0,20,dos
7.975,icmp,261.32,322.5,0,5,benign
0.296,udp,17.65,24.16,0,14,dos
4.801,icmp,93.91,81.27,0,5,probe
4.231,icmp,426.44,565.11,0,4,r2l
2.899,tcp,44.93,54.61,0,5,probe
3.818,icmp,317.08,221.42,0,6,benign
2.247,udp,230.22,327.43,0,6,benign
1.53,icmp,159.05,152.23,0,5,probe
5.421,icmp,299.13,344.06,0,2,benign
11.928,icmp,818.18,1055.59,0,5,u2r
4.495,udp,340.95,242.69,0,7,benign
3.531,icmp,190.52,212.04,0,4,benign
6.381,icmp,163.14,208.29,0,9,benign
6.491,tcp,151.26,124.63,0,4,benign
0.468,tcp,26.37,31.3,0,18,dos
6.838,icmp,408.83,432.84,0,4,r2l
4.213,tcp,225.43,323.28,0,10,benign
0.24,icmp,3.64,3.0,0,4,worm
5.065,udp,374.46,260.89,0,5,benign
2.247,tcp,175.84,223.71,0,3,benign
4.763,udp,267.69,326.37,0,3,benign
6.617,udp,254.9,313.28,0,7,benign
9.682,icmp,354.99,390.16,0,8,r2l
2.834,icmp,126.63,167.52,0,4,probe
4.572,tcp,214.29,164.8,0,7,benign
6.758,icmp,135.39,134.2,0,6,benign
1.384,udp,189.24,168.71,0,11,benign
1.8,tcp,178.42,140.28,0,5,probe
8.186,icmp,184.13,222.26,0,5,benign
3.727,udp,209.55,300.97,0,6,benign
7.932,tcp,0.52,0.48,0,5,benign
4.296,tcp,300.38,201.6,0,6,benign
7.425,udp,179.36,184.6,0,3,benign
0.074,icmp,0.49,0.51,0,6,worm
0.333,tcp,23.28,34.59,0,14,dos
3.417,udp,57.38,74.34,0,6,probe
2.549,udp,300.79,205.11,0,3,benign
4.495,udp,405.6,393.05,0,8,benign
2.86,tcp,213.93,301.09,0,4,benign
6.275,tcp,280.93,213.86,0,6,benign
0.01,icmp,27.91,37.25,0,23,dos
7.934,tcp,349.57,238.91,0,1,benign
5.144,tcp,443.92,309.22,0,3,benign
0.647,icmp,23.73,25.32,0,15,dos
9.219,tcp,792.14,799.81,0,4,r2l
6.306,udp,215.21,218.6,0,3,benign
10.195,tcp,296.05,206.71,0,5,benign
6.535,udp,262.45,332.41,0,3,benign
4.176,tcp,113.1,127.34,0,5,probe
7.209,udp,284.51,262.4,0,4,benign
1.708,icmp,108.88,119.04,0,7,probe
4.75,udp,241.52,173.8,0,9,benign
6.732,udp,393.77,330.58,0,3,benign
2.146,icmp,427.6,436.4,0,5,benign
3.198,tcp,210.07,186.53,0,4,benign
4.878,tcp,253.22,363.72,0,7,benign
1.447,udp,229.14,259.24,0,8,benign
21.343,udp,778.89,877.3,0,6,u2r
5.818,icmp,679.03,654.95,0,4,r2l
2.726,icmp,149.66,185.02,0,3,benign
3.069,udp,262.86,208.91,0,5,benign
6.281,tcp,75.19,106.23,0,8,benign
7.673,icmp,552.24,471.33,0,9,r2l
1.616,tcp,212.89,289.34,0,6,benign
3.86,icmp,338.22,372.16,0,6,r2l
1.935,udp,81.55,104.46,0,1,probe
5.77,udp,256.7,234.91,0,2,benign
0.117,udp,5.69,4.23,0,7,worm
3.91,tcp,150.84,138.05,0,4,probe
4.717,udp,148.34,125.41,0,2,benign
14.726,tcp,683.85,489.15,0,5,u2r
5.704,icmp,238.28,255.88,0,5,benign
8.722,icmp,434.52,583.29,0,4,r2l
0.049,icmp,3.19,2.79,0,5,worm
0.693,icmp,14.84,22.19,0,18,dos
0.353,icmp,11.05,7.59,0,19,dos
11.508,tcp,144.99,126.47,0,6,r2l
0.597,udp,31.21,41.18,1,30,dos
0.68,udp,43.34,47.47,1,11,dos
5.727,udp,207.84,235.41,1,1,benign
12.033,tcp,629.02,618.45,0,5,r2l
3.88,icmp,22.44,18.39,0,5,probe
1.453,udp,275.97,258.77,0,1,benign
5.093,udp,243.87,249.84,0,2,benign
2.834,udp,100.16,149.56,0,6,probe
5.252,udp,215.71,281.08,0,2,benign
1.898,udp,349.86,242.33,0,4,benign
2.713,tcp,156.81,145.97,0,4,probe
0.843,tcp,24.89,16.98,0,28,dos
10.038,tcp,496.69,526.44,0,2,r2l
4.075,udp,274.28,291.01,0,11,benign
8.833,udp,318.62,237.79,0,3,benign
3.018,udp,304.11,254.02,0,6,benign
3.111,udp,65.83,85.6,0,7,probe
2.009,icmp,160.67,116.06,0,3,probe
4.038,tcp,322.38,321.44,0,7,benign
6.457,tcp,321.73,237.85,0,6,benign
8.255,tcp,379.04,259.29,0,4,benign
0.216,tcp,24.49,20.85,0,16,dos
1.447,icmp,256.35,341.71,0,2,benign
8.106,icmp,338.35,441.72,0,3,r2l
11.127,udp,273.25,265.74,0,4,r2l
0.41,udp,35.79,29.98,0,23,dos
3.914,icmp,206.26,236.65,0,6,benign
5.458,udp,261.85,199.11,0,3,benign
7.285,udp,224.93,282.96,0,5,benign
9.714,icmp,381.35,284.74,0,6,r2l
6.744,tcp,0.44,0.56,0,4,benign
6.151,tcp,181.41,166.48,0,3,benign
5.257,udp,144.26,214.0,0,2,benign
5.888,icmp,288.8,327.48,0,5,benign
2.685,tcp,415.66,335.98,0,6,benign
0.675,udp,28.85,33.16,0,22,dos
4.274,tcp,242.19,292.23,0,1,benign
2.836,icmp,412.17,422.84,0,7,r2l
1.315,tcp,333.22,260.41,0,5,benign
0.04,tcp,25.81,37.24,1,20,dos
4.063,tcp,142.9,128.8,0,2,probe
6.942,icmp,281.83,357.26,0,2,benign
2.039,tcp,150.17,203.07,0,4,benign
7.853,tcp,446.35,491.73,0,5,r2l
6.238,tcp,350.48,465.45,0,4,benign
5.652,tcp,648.47,613.38,0,5,r2l
0.28,udp,35.41,24.35,0,14,dos
0.717,tcp,5.93,5.64,0,16,dos
3.73,icmp,304.98,212.73,0,4,benign
0.735,udp,44.27,34.12,0,15,dos
4.328,udp,263.25,211.31,0,9,benign
7.728,tcp,239.48,223.99,0,6,benign
3.021,tcp,514.26,440.5,0,4,benign
5.355,icmp,279.31,200.83,0,4,benign
0.816,udp,22.81,33.55,0,27,dos
3.561,icmp,143.83,103.9,0,7,benign
4.822,tcp,157.04,191.59,0,6,benign
5.554,tcp,307.45,326.91,0,2,benign
1.816,icmp,259.5,242.28,0,2,benign
0.695,tcp,28.78,26.79,0,16,dos
5.77,tcp,195.79,192.81,0,4,benign
0.224,tcp,3.56,4.83,0,4,worm
5.953,icmp,262.63,369.89,0,7,benign
5.766,tcp,241.56,250.12,0,8,benign
3.912,icmp,419.77,333.71,0,5,benign
4.103,udp,358.0,338.05,0,4,benign
4.547,udp,102.41,114.11,0,3,benign
8.662,udp,292.56,228.11,0,3,benign
10.735,udp,468.08,565.3,0,6,r2l
2.834,icmp,101.03,120.87,0,4,probe
7.529,icmp,232.61,259.28,0,2,benign
6.049,udp,125.54,172.55,0,4,benign
11.672,udp,818.33,718.22,1,3,u2r
3.516,tcp,181.48,161.86,0,6,benign
2.212,tcp,58.88,73.65,0,13,probe
5.291,tcp,177.78,262.67,0,3,benign
7.457,udp,166.9,239.89,0,5,benign
10.91,icmp,767.49,826.74,0,3,r2l
0.89,icmp,291.66,226.53,0,5,benign
8.536,udp,168.38,215.15,0,1,benign
6.696,tcp,195.92,198.5,0,6,benign
6.385,icmp,576.05,537.17,0,0,r2l
4.447,udp,338.88,274.32,0,7,benign
3.828,udp,212.88,261.24,0,4,benign
1.008,icmp,83.97,75.93,0,9,probe
4.416,udp,190.62,248.46,0,5,benign
5.012,udp,172.46,169.1,0,3,benign
7.091,tcp,187.79,139.02,0,5,benign
3.883,icmp,69.51,98.94,0,3,probe
0.635,icmp,29.6,23.51,0,27,dos
4.766,udp,594.91,724.84,0,4,r2l
0.665,icmp,42.63,36.66,0,17,dos
5.982,tcp,182.52,191.81,0,6,benign
5.688,icmp,91.03,69.26,0,6,probe
21.761,tcp,875.59,1016.17,0,3,u2r
1.525,icmp,291.25,370.62,0,5,benign
14.935,icmp,1298.65,928.41,0,8,u2r
0.499,tcp,28.73,27.17,0,15,dos
6.004,icmp,584.9,717.45,0,3,r2l
5.483,icmp,519.86,445.98,0,4,r2l
6.264,icmp,204.05,202.65,0,3,benign
0.557,icmp,30.77,45.6,0,28,dos
8.059,tcp,302.23,396.48,0,10,benign
3.547,icmp,62.57,79.15,0,5,probe
17.355,udp,751.94,817.74,0,7,u2r
1.939,tcp,212.58,249.08,0,5,benign
6.532,tcp,251.45,217.44,0,4,benign
1.291,udp,84.35,121.99,0,3,probe
0.568,tcp,27.97,38.74,0,18,dos
5.049,udp,356.34,243.14,0,5,benign
0.422,icmp,34.03,42.69,0,30,dos
1.812,icmp,138.1,130.04,0,7,probe
5.181,udp,228.11,231.72,0,6,benign
8.725,icmp,226.94,310.6,0,2,benign
5.943,udp,201.46,224.97,0,5,benign
2.282,udp,35.72,52.99,0,3,probe
5.151,tcp,228.2,158.47,0,3,benign
0.146,icmp,9.3,7.95,0,6,worm
4.873,udp,269.31,190.34,0,3,benign
2.806,udp,217.39,156.04,0,3,benign
0.072,udp,17.76,17.49,0,24,dos
2.939,udp,173.44,178.52,0,4,benign
0.176,icmp,4.45,3.5,0,4,worm
3.731,tcp,435.84,347.98,1,3,benign
3.857,icmp,323.25,276.63,0,5,benign
5.611,icmp,326.02,343.79,0,5,benign
5.106,udp,260.35,192.69,0,6,benign
0.01,udp,229.53,291.01,0,2,benign
12.576,icmp,200.93,206.54,0,6,r2l
3.439,icmp,155.05,228.64,0,1,benign
4.106,icmp,253.4,331.85,0,7,benign
5.545,tcp,289.36,267.05,0,2,benign
18.154,icmp,1250.5,1300.17,0,3,u2r
0.749,tcp,32.12,31.86,1,21,dos
2.733,tcp,173.19,143.17,0,8,probe
10.656,tcp,468.18,450.11,0,4,r2l
4.401,tcp,174.55,260.66,0,6,benign
5.715,tcp,273.43,355.62,0,5,r2l
0.01,udp,275.71,239.63,0,5,benign
2.153,tcp,185.85,227.24,0,7,benign
5.581,udp,106.11,156.11,0,6,benign
2.828,icmp,77.34,100.73,0,2,probe
4.1,icmp,275.73,270.5,0,3,benign
3.612,udp,200.68,263.88,0,2,benign
4.607,udp,299.87,215.34,1,6,benign
4.732,tcp,196.25,172.27,0,4,benign
6.703,udp,438.01,472.92,0,2,benign
6.15,tcp,637.01,828.69,0,6,r2l
5.173,udp,308.93,402.23,0,3,benign
4.803,udp,243.46,210.89,0,9,benign
4.823,icmp,175.69,157.93,0,2,benign
2.511,tcp,304.52,282.66,0,5,benign
2.505,udp,118.78,136.64,0,4,probe
4.886,tcp,308.02,323.13,0,5,benign
3.479,tcp,170.19,222.43,0,7,benign
0.992,icmp,11.94,15.75,0,19,dos
4.368,icmp,333.25,325.8,0,5,benign
0.061,icmp,5.83,5.53,0,20,dos
0.477,udp,37.81,36.74,0,18,dos
4.349,udp,200.04,184.66,0,4,benign
2.566,udp,101.13,129.76,0,7,probe
5.34,udp,312.93,213.29,0,9,benign
7.701,icmp,271.63,310.29,0,4,benign
7.885,udp,235.5,302.97,0,5,benign
6.506,udp,306.08,259.69,0,6,benign
0.426,icmp,20.27,22.76,0,21,dos
6.091,udp,252.04,238.08,0,2,benign
8.24,tcp,186.28,277.8,0,4,benign
3.033,tcp,294.13,252.85,0,7,benign
0.583,tcp,12.68,11.08,0,21,dos
7.134,udp,180.41,256.39,0,5,benign
5.451,icmp,241.85,184.85,0,5,benign
9.714,icmp,269.93,282.06,0,4,r2l
4.841,tcp,123.95,98.18,0,9,benign
6.786,udp,130.34,107.39,0,5,benign
0.295,tcp,35.34,30.56,0,23,dos
0.294,icmp,10.1,10.32,0,5,worm
2.656,tcp,376.79,308.58,0,4,benign
4.736,udp,351.9,331.79,0,4,benign
5.017,udp,258.44,250.8,0,5,benign
17.16,udp,1015.12,678.59,0,2,u2r
3.118,tcp,247.84,224.15,0,5,benign
3.179,icmp,91.57,110.54,0,3,probe
8.029,tcp,541.06,389.36,0,3,r2l
3.695,icmp,125.13,170.26,0,5,probe
3.941,tcp,184.14,157.21,0,7,benign
2.931,tcp,262.64,334.13,0,5,benign
2.104,icmp,251.2,357.65,0,5,benign
7.872,udp,261.82,296.1,0,2,benign
0.509,udp,19.29,15.75,0,19,dos
5.828,udp,329.17,288.15,0,7,benign
0.803,udp,36.77,37.11,1,12,dos
0.027,udp,24.98,17.04,0,13,dos
6.857,icmp,184.19,123.92,0,6,benign
4.74,udp,266.36,261.07,0,6,benign
4.922,icmp,62.38,64.41,0,8,probe
18.438,tcp,572.75,771.32,0,4,u2r
4.608,tcp,273.43,409.56,0,9,benign
1.625,icmp,261.75,283.35,0,4,benign
6.35,udp,423.1,333.33,0,8,benign
4.647,tcp,151.14,170.89,0,2,benign
7.624,tcp,255.04,221.02,0,4,benign
2.271,udp,163.47,215.9,0,3,benign
7.809,tcp,571.15,772.28,0,6,r2l
5.516,tcp,136.61,132.34,0,6,benign
8.158,icmp,324.56,304.91,0,6,benign
0.661,udp,11.91,16.07,0,16,dos
6.575,tcp,143.29,176.11,0,8,benign
0.175,tcp,3.97,2.77,0,4,worm
5.524,udp,285.45,269.04,0,5,benign
4.388,udp,258.39,301.21,0,6,benign
0.023,udp,32.89,24.03,0,18,dos
1.167,udp,336.71,298.18,0,5,benign
0.456,icmp,8.24,10.24,0,14,dos
2.901,tcp,643.74,616.3,0,6,r2l
6.222,icmp,190.33,250.59,0,7,benign
17.263,tcp,787.33,1125.74,0,4,u2r
2.605,udp,313.69,222.09,0,2,benign
2.497,udp,236.77,162.89,1,2,benign
6.817,tcp,173.07,123.86,0,9,benign
6.45,icmp,215.58,203.22,0,4,benign
5.023,udp,206.94,254.79,0,4,benign
5.085,udp,277.1,185.28,0,6,benign
11.14,udp,611.53,673.67,0,7,r2l
6.401,tcp,335.63,280.73,0,5,benign
0.398,tcp,30.18,30.82,0,21,dos
2.855,icmp,63.74,69.84,0,3,probe
5.937,tcp,268.64,254.1,0,4,benign
6.098,icmp,195.64,147.64,0,2,benign
3.956,icmp,488.18,387.65,0,6,r2l
4.459,udp,216.87,321.14,0,6,benign
20.87,icmp,935.97,1160.32,0,6,u2r
1.054,tcp,20.82,14.32,1,15,dos
7.941,udp,853.33,935.32,0,2,u2r
1.184,icmp,338.49,252.57,0,5,benign
15.372,icmp,303.08,309.68,0,5,r2l
7.798,tcp,325.36,273.48,0,9,benign
5.781,icmp,148.89,137.86,0,7,benign
4.62,tcp,300.23,229.84,0,4,benign
1.204,tcp,156.4,129.06,0,6,benign
2.105,icmp,72.79,51.99,0,7,probe
6.977,icmp,308.61,339.31,0,4,benign
1.216,udp,129.79,178.4,0,6,benign
0.388,udp,32.99,46.19,0,22,dos
10.128,tcp,628.41,507.14,0,4,r2l
8.034,udp,194.78,240.21,0,4,benign
8.004,icmp,246.37,329.26,0,3,benign
8.81,icmp,166.08,126.51,0,7,benign
7.178,tcp,501.54,392.94,0,3,r2l
2.687,udp,436.11,372.07,0,6,benign
0.9,udp,305.11,259.24,0,10,benign
6.006,udp,234.38,173.59,0,6,benign
8.18,tcp,264.86,287.88,0,5,benign
9.121,tcp,452.3,414.65,0,3,benign
10.099,tcp,328.77,349.82,0,3,benign
0.302,tcp,16.5,11.03,0,23,dos
2.319,icmp,235.96,197.08,0,8,benign
9.257,icmp,272.88,310.34,0,9,benign
0.499,udp,37.12,52.47,0,12,dos
0.149,icmp,24.75,19.29,0,19,dos
5.712,icmp,1118.2,912.2,0,8,u2r
5.483,tcp,223.26,171.54,0,9,benign
1.236,udp,104.72,148.01,0,5,probe
3.142,tcp,141.88,109.81,0,3,benign
2.983,icmp,277.92,379.42,0,3,benign
0.673,udp,20.97,20.58,0,25,dos
5.82,udp,481.39,384.8,0,6,r2l
4.184,icmp,86.42,107.61,0,3,probe
6.337,tcp,251.0,209.38,0,6,benign
3.448,tcp,75.37,106.26,0,8,probe
3.732,tcp,25.4,17.76,0,7,probe
2.293,udp,28.26,25.04,0,2,probe
2.831,udp,302.94,286.35,0,6,benign
2.011,udp,115.59,151.03,0,3,benign
4.521,udp,67.34,82.4,0,4,probe
2.773,tcp,335.29,365.17,0,3,benign
8.541,udp,551.0,510.51,0,5,r2l
2.556,udp,117.49,90.11,0,11,probe
5.421,udp,218.68,257.12,0,9,benign
6.742,tcp,315.3,346.05,0,9,benign
7.378,icmp,619.21,823.45,0,5,r2l
0.18,tcp,36.08,29.5,0,16,dos
0.407,udp,29.56,38.18,0,21,dos
7.192,icmp,195.01,263.05,0,7,benign
3.266,tcp,262.32,190.26,0,4,benign
5.407,tcp,422.28,318.55,0,2,benign
0.529,udp,26.28,34.05,0,17,dos
3.891,tcp,85.39,102.28,0,1,benign
5.411,tcp,316.14,307.57,0,3,benign
3.22,icmp,213.44,165.14,0,6,benign
5.533,tcp,227.56,220.13,0,4,benign
0.172,tcp,323.72,308.42,0,6,benign
0.483,udp,17.59,23.02,0,18,dos
18.638,udp,1000.4,846.91,0,5,u2r
3.391,udp,436.29,410.48,0,15,benign
10.646,icmp,658.32,969.81,0,4,r2l
3.046,icmp,59.42,46.34,0,5,probe
11.593,udp,682.15,499.31,0,7,r2l
0.169,udp,2.7,2.59,1,6,worm
4.347,udp,255.14,331.59,0,9,benign
3.845,tcp,371.76,490.91,0,5,benign
1.519,udp,170.23,168.18,0,6,benign
3.142,udp,97.99,68.13,0,5,probe
3.238,icmp,168.96,251.13,0,2,benign
9.975,icmp,424.2,471.44,0,4,r2l
6.1,tcp,289.89,232.42,0,10,benign
5.975,udp,259.13,378.66,0,6,r2l
5.291,icmp,238.14,286.83,0,10,benign
4.259,icmp,236.61,292.68,0,5,benign
4.606,udp,189.32,277.74,0,6,benign
5.594,tcp,249.59,357.66,0,1,benign
10.53,udp,747.86,1056.0,0,5,u2r
6.592,udp,204.89,225.55,0,5,benign
0.936,tcp,29.07,19.47,0,20,dos
23.271,udp,1132.05,1413.32,0,9,u2r
5.439,tcp,93.27,104.52,0,1,benign
4.022,icmp,145.38,147.37,0,5,probe
6.239,udp,207.91,292.87,0,3,benign
1.67,tcp,80.83,84.35,0,4,probe
5.586,icmp,313.95,342.8,0,5,benign
4.321,udp,281.17,310.45,0,1,benign
6.155,tcp,789.07,680.92,0,10,r2l
7.546,icmp,272.67,376.12,0,8,benign
2.672,tcp,144.53,100.21,0,8,probe
10.285,icmp,426.85,430.59,0,3,r2l
1.664,udp,294.41,343.79,0,2,benign
0.937,tcp,163.61,204.14,0,4,benign
5.68,tcp,141.03,200.74,0,1,benign
1.789,udp,415.19,350.53,0,3,benign
0.505,tcp,186.3,242.59,0,1,benign
0.01,tcp,29.01,30.3,0,20,dos
5.14,tcp,280.44,218.7,0,4,benign
4.186,icmp,374.91,374.72,0,0,benign
8.438,udp,213.33,264.75,0,7,benign
5.242,udp,190.57,272.57,0,2,benign
6.316,tcp,226.59,202.77,0,5,benign
3.348,tcp,262.46,290.34,0,4,benign
7.484,udp,239.82,227.24,0,4,benign
3.628,udp,309.17,243.3,0,3,benign
3.574,udp,166.19,135.21,0,3,probe
5.135,tcp,261.89,201.91,0,4,benign
7.169,icmp,138.52,138.36,0,5,benign
16.116,udp,772.92,868.51,0,4,u2r
6.937,udp,219.75,232.89,0,4,benign
7.282,tcp,207.16,283.86,0,7,benign
3.645,icmp,341.77,263.19,0,6,benign
3.368,udp,304.81,255.98,0,2,benign
0.17,icmp,4.96,7.3,0,6,worm
3.827,udp,242.42,198.23,0,4,benign
0.558,icmp,15.64,23.22,0,19,dos
0.402,tcp,23.68,22.99,0,27,dos
7.755,udp,200.34,151.78,0,3,benign
5.423,icmp,244.35,272.92,0,6,benign
5.488,tcp,389.75,276.4,0,5,benign
2.551,icmp,163.66,227.85,0,3,benign
7.28,icmp,297.61,201.09,0,3,benign
6.554,tcp,319.81,375.9,0,3,benign
7.331,udp,187.54,181.07,0,6,benign
0.091,icmp,2.67,1.89,0,2,worm
4.86,icmp,200.86,142.63,0,4,benign
0.479,tcp,24.6,33.18,0,16,dos
3.195,icmp,119.92,105.35,0,10,probe
0.253,udp,13.65,11.05,0,15,dos
10.035,icmp,148.27,214.54,0,5,benign
19.114,tcp,882.71,830.1,0,3,u2r
6.465,tcp,270.27,388.22,0,5,benign
0.491,udp,27.52,37.49,0,7,dos
8.408,udp,661.57,635.03,0,5,r2l
3.839,tcp,233.39,254.26,0,4,benign
4.253,udp,190.92,209.19,0,8,benign
3.073,tcp,253.91,221.25,0,4,benign
4.632,udp,254.49,357.54,0,4,benign
0.267,udp,19.21,14.48,0,23,dos
4.439,tcp,24.03,24.79,0,10,probe
2.757,udp,215.61,273.68,0,5,benign
4.321,tcp,350.9,319.63,0,2,benign
3.884,icmp,276.22,221.14,0,7,benign
8.552,udp,229.13,277.65,0,6,r2l
5.664,icmp,252.39,320.68,0,6,benign
5.878,udp,219.21,301.52,0,5,benign
5.027,icmp,297.06,260.37,0,4,benign
9.459,udp,399.82,285.58,0,3,benign
6.972,icmp,432.87,396.95,0,3,benign
3.512,udp,81.15,101.26,0,4,benign
3.825,tcp,60.11,74.95,0,7,probe
7.198,icmp,409.66,358.08,0,6,benign
0.01,icmp,20.12,18.03,0,21,dos
3.932,icmp,303.11,329.4,0,4,benign
5.786,tcp,241.04,167.19,0,8,benign
0.741,icmp,24.19,28.11,0,23,dos
9.556,tcp,488.29,575.28,0,6,r2l
0.516,udp,43.56,38.84,0,16,dos
0.786,icmp,287.86,324.57,0,3,benign
7.258,udp,125.68,177.06,0,2,benign
7.229,tcp,250.73,168.52,0,10,benign
4.029,icmp,103.7,78.86,0,6,probe
7.165,udp,203.99,261.86,0,8,benign
0.127,udp,3.02,3.71,0,5,worm
4.101,tcp,324.54,381.68,0,5,benign
5.767,tcp,82.02,79.09,0,6,benign
2.995,udp,466.19,483.25,0,6,benign
4.67,icmp,153.07,189.01,0,10,benign
2.441,icmp,84.12,78.76,0,3,probe
6.202,udp,151.04,217.61,0,4,benign
6.495,udp,180.08,122.57,0,3,benign
9.89,tcp,181.35,237.41,0,3,benign
7.445,udp,265.34,294.95,0,4,benign
6.929,icmp,87.58,94.56,1,7,benign
4.229,udp,229.58,203.21,0,5,benign
7.82,tcp,288.32,329.15,0,5,benign
0.504,tcp,24.61,33.58,1,16,dos
5.69,tcp,571.18,493.93,0,5,r2l
3.308,udp,46.22,41.56,0,3,probe
6.033,icmp,405.25,338.93,0,9,benign
5.628,udp,208.8,306.47,0,6,benign
5.91,tcp,272.45,216.34,0,10,benign
5.025,udp,170.03,194.16,0,13,benign
4.458,tcp,209.26,282.76,0,2,benign
3.973,icmp,212.37,160.73,0,5,benign
6.855,icmp,203.25,213.18,0,2,benign
1.821,udp,171.95,130.79,0,5,benign
5.061,tcp,271.59,334.03,0,4,benign
7.464,icmp,193.79,190.93,0,3,benign
7.491,tcp,220.46,258.96,0,4,benign
3.542,udp,251.97,175.33,0,4,benign
6.935,icmp,403.67,276.9,0,5,benign
6.625,icmp,248.15,166.18,0,6,benign
6.228,udp,425.32,285.83,0,8,r2l
2.927,tcp,274.29,211.15,0,6,benign
1.753,tcp,75.8,57.5,0,8,probe
5.554,icmp,355.56,280.68,0,4,benign
3.195,icmp,232.37,203.21,0,8,benign
0.472,tcp,1.86,1.29,0,6,worm
5.726,tcp,231.14,325.77,0,5,benign
15.923,icmp,1346.14,1174.84,0,4,u2r
0.603,tcp,37.7,31.88,0,22,dos
5.969,udp,187.87,200.76,0,1,benign
4.008,tcp,77.51,94.68,0,4,probe
2.395,udp,101.74,115.4,0,5,benign
2.846,udp,158.99,120.09,0,3,probe
0.126,udp,23.15,19.25,0,25,dos
7.129,udp,482.43,679.11,0,2,r2l
0.336,udp,21.87,18.63,0,27,dos
10.43,udp,1125.58,1257.68,0,9,u2r
4.042,udp,236.78,303.38,0,3,benign
0.85,icmp,20.07,17.67,0,27,dos
3.247,tcp,133.36,134.83,0,4,probe
0.616,udp,26.38,33.08,0,21,dos
2.845,tcp,197.07,289.12,0,10,benign
0.699,tcp,29.34,33.91,1,16,dos
3.717,tcp,195.25,256.55,0,2,benign
5.861,icmp,302.34,237.49,0,5,benign
4.717,udp,246.0,224.75,0,5,benign
5.97,icmp,297.15,333.03,0,5,benign
0.472,udp,27.09,35.27,0,20,dos
5.839,icmp,242.9,361.3,0,8,benign
8.595,udp,160.05,198.16,0,5,benign
3.225,icmp,272.07,233.99,0,5,benign
7.672,udp,269.73,183.43,0,4,benign
5.461,udp,214.94,169.46,0,3,benign
5.732,udp,402.21,412.3,0,9,r2l
3.712,udp,125.24,110.29,0,3,benign
5.875,icmp,165.19,184.73,0,4,benign
0.505,tcp,25.01,24.26,0,11,dos
0.28,icmp,27.25,28.37,0,21,dos
3.529,tcp,102.31,108.92,0,4,probe
6.352,tcp,229.61,292.32,0,10,benign
6.096,udp,233.65,240.95,0,1,benign
4.086,tcp,169.02,236.73,0,4,benign
4.652,udp,287.95,250.55,0,7,benign
0.344,icmp,5.42,6.79,0,6,worm
1.118,icmp,38.92,57.4,0,27,dos
6.689,tcp,207.72,310.99,0,2,benign
0.225,udp,7.45,6.29,0,6,worm
8.204,tcp,171.72,204.66,0,6,benign
0.929,tcp,29.68,29.94,0,24,dos
0.514,udp,20.45,28.96,0,14,dos
5.023,udp,191.34,191.25,0,2,benign
0.782,icmp,26.99,31.4,0,25,dos
5.157,icmp,191.4,208.69,0,0,benign
0.215,udp,50.8,50.43,1,20,dos
2.995,icmp,317.1,260.45,0,4,benign
3.797,icmp,262.26,298.09,0,1,benign
5.202,udp,145.16,112.79,0,5,probe
2.938,tcp,231.67,237.69,0,3,benign
7.921,icmp,480.92,570.77,0,7,r2l
0.152,tcp,19.47,23.87,0,16,dos
7.714,icmp,146.21,107.3,0,3,benign
18.755,tcp,752.55,974.79,0,9,u2r
3.779,udp,96.65,71.16,0,2,probe
5.035,udp,298.61,235.74,0,4,benign
0.299,icmp,21.35,21.28,0,15,dos
6.993,icmp,227.36,156.97,0,1,benign
5.473,udp,393.33,567.45,0,5,r2l
5.51,udp,321.71,241.35,0,2,benign
5.121,udp,206.12,232.33,0,9,benign
9.9,udp,279.02,370.12,1,3,r2l
5.598,tcp,1040.39,745.56,0,8,u2r
7.736,udp,269.46,205.81,0,6,benign
5.654,udp,340.94,343.46,0,7,benign
3.276,icmp,106.64,116.31,0,7,benign
3.79,udp,255.94,322.99,1,4,benign
4.545,udp,226.87,314.45,0,5,benign
7.963,udp,182.54,125.19,0,7,benign
9.785,udp,208.86,297.77,0,5,benign
3.819,icmp,384.78,341.7,0,2,benign
9.627,tcp,435.29,571.76,0,5,r2l
3.212,udp,115.18,172.12,0,3,probe
9.562,udp,249.51,312.33,0,6,r2l
6.659,udp,436.72,313.95,0,8,benign
5.39,udp,282.65,263.05,0,5,benign
4.061,icmp,158.84,166.9,0,6,benign
5.262,icmp,277.87,235.03,0,6,benign
5.406,tcp,239.28,191.48,0,5,benign
8.151,tcp,217.08,241.69,0,8,benign
2.954,icmp,116.4,93.86,0,9,probe
8.754,udp,672.14,617.93,0,8,r2l
3.164,icmp,87.95,87.17,0,7,probe
4.64,udp,255.48,245.63,0,3,benign
5.028,udp,88.47,130.7,0,6,benign
6.251,icmp,149.32,161.86,0,4,benign
3.511,icmp,264.67,393.51,0,11,benign
7.629,tcp,536.75,772.96,0,7,r2l
0.489,tcp,26.48,29.04,0,29,dos
2.544,tcp,110.68,74.7,0,4,probe
0.248,udp,33.03,23.42,0,17,dos
1.032,icmp,333.76,462.54,0,5,benign
1.172,icmp,254.02,289.3,0,3,benign
3.924,icmp,93.5,83.21,0,5,probe
2.326,udp,134.44,106.83,0,5,probe
0.434,icmp,34.7,33.11,0,18,dos
5.962,udp,476.03,341.32,0,5,benign
3.224,udp,549.69,372.48,0,6,benign
4.056,icmp,189.72,190.93,0,6,benign
14.612,tcp,743.66,1101.72,0,12,u2r
0.264,icmp,19.7,26.13,0,20,dos
3.133,udp,275.22,214.17,0,5,benign
2.77,udp,115.19,78.55,0,3,probe
8.353,tcp,357.58,330.25,0,6,r2l
3.258,tcp,261.73,234.48,0,2,benign
5.715,tcp,290.4,241.41,0,1,benign
0.186,tcp,17.92,17.66,0,20,dos
3.036,udp,273.34,394.33,0,6,benign
5.801,udp,324.95,326.97,0,5,benign
10.96,udp,1234.62,982.38,0,9,u2r
6.886,tcp,376.71,348.53,0,4,benign
0.55,icmp,9.91,8.65,0,16,dos
4.938,tcp,273.63,182.61,0,4,benign
13.836,icmp,766.88,933.04,0,4,u2r
3.927,tcp,50.24,46.62,0,2,probe
0.262,icmp,43.95,39.7,1,25,dos
4.984,udp,15.24,18.19,0,4,benign
0.627,udp,342.93,287.28,0,1,benign
2.451,udp,317.15,238.45,0,2,benign
2.938,udp,166.49,222.35,0,5,benign
3.057,icmp,344.72,264.44,0,4,benign
4.607,udp,311.88,243.75,0,5,r2l
1.337,tcp,293.94,356.58,0,9,benign
2.765,icmp,298.59,275.13,0,6,benign
3.417,udp,107.19,84.33,1,4,probe
10.96,udp,614.44,475.57,0,5,r2l
4.09,icmp,343.85,302.65,0,1,benign
0.195,tcp,6.65,5.4,0,8,worm
13.807,tcp,1164.84,1455.32,0,3,u2r
5.96,udp,217.19,302.7,0,4,benign
0.194,icmp,19.48,13.63,0,13,dos
10.374,udp,1165.78,1262.51,0,5,u2r
0.245,tcp,313.37,265.11,0,6,benign
6.822,udp,253.26,248.33,0,11,benign
5.779,icmp,298.69,297.66,0,9,benign
9.652,udp,286.5,277.14,0,6,benign
0.142,icmp,46.51,31.68,0,14,dos
7.375,udp,229.76,156.6,0,3,benign
4.147,tcp,478.28,385.84,0,4,benign
6.082,tcp,453.68,309.98,0,7,benign
8.075,udp,274.7,324.69,0,4,benign
2.261,udp,139.94,116.63,0,6,probe
3.575,icmp,215.56,285.76,0,4,benign
5.93,icmp,180.79,163.72,0,5,benign
3.631,tcp,426.81,453.44,0,8,benign
6.749,udp,252.21,352.95,0,3,benign
0.91,tcp,29.05,26.0,0,26,dos
5.791,udp,187.56,189.57,0,4,benign
9.866,udp,954.81,906.3,0,0,r2l
5.182,tcp,171.89,187.75,0,7,benign
5.403,tcp,339.0,362.17,0,4,benign
1.887,icmp,144.74,181.0,0,7,probe
2.242,udp,77.88,103.05,0,6,benign
3.888,udp,298.99,267.93,0,7,benign
0.207,tcp,3.5,2.76,0,4,worm
0.656,udp,21.26,19.5,0,20,dos
3.325,udp,205.39,277.31,0,10,benign
7.718,udp,346.56,235.36,0,7,benign
2.745,udp,123.33,154.61,0,3,probe
3.366,udp,283.02,318.08,0,6,benign
2.721,tcp,241.42,213.53,0,5,benign
4.017,tcp,438.11,293.96,0,7,benign
4.365,tcp,322.97,248.26,0,4,benign
4.271,tcp,204.63,295.7,0,2,benign
2.475,udp,330.16,224.23,0,3,benign
5.017,icmp,186.92,242.3,0,6,benign
4.349,tcp,188.59,179.31,0,7,benign
13.507,udp,703.23,886.33,0,10,u2r
3.591,tcp,249.65,176.2,0,5,benign
6.653,tcp,174.67,177.97,0,5,benign
2.778,udp,295.66,252.9,0,0,benign
0.282,udp,4.93,5.06,1,7,worm
5.157,icmp,324.51,426.58,0,9,benign
2.416,icmp,252.98,260.36,0,2,benign
3.337,tcp,305.69,281.84,0,7,benign
7.255,icmp,591.1,612.67,0,1,r2l
5.196,udp,151.54,207.97,0,3,benign
5.459,udp,259.39,186.98,0,4,benign
7.152,tcp,233.42,302.03,0,1,benign
1.874,icmp,133.52,114.16,0,5,probe
7.871,tcp,212.32,211.18,0,5,benign
5.113,icmp,332.7,336.79,0,1,benign
6.49,icmp,287.48,249.25,0,6,r2l
4.15,icmp,310.9,391.63,0,10,benign
8.644,udp,365.78,477.34,0,4,benign
6.398,icmp,360.03,389.69,0,3,benign
1.68,udp,134.87,122.3,0,5,benign
3.692,tcp,123.65,103.06,0,5,benign
4.666,udp,200.08,189.52,0,3,benign
7.415,icmp,672.4,762.23,0,5,r2l
0.357,icmp,29.36,31.88,0,28,dos
0.525,udp,45.54,38.72,0,20,dos
10.664,tcp,565.51,772.0,0,4,u2r
1.187,icmp,23.56,23.95,0,22,dos
0.984,tcp,256.19,310.02,0,6,benign
2.174,icmp,169.44,253.93,0,7,benign
7.181,tcp,252.74,364.82,0,11,benign
0.75,tcp,40.65,60.37,0,5,probe
1.59,udp,109.95,110.27,0,4,probe
5.731,udp,66.15,83.72,0,9,benign
5.495,tcp,230.17,246.72,0,4,benign
4.803,icmp,219.21,181.03,0,6,benign
1.912,icmp,79.57,55.34,0,3,probe
5.977,tcp,218.96,174.18,0,8,benign
4.159,udp,254.79,331.07,0,2,benign
3.449,udp,191.49,192.05,0,2,probe
7.042,udp,227.76,247.92,0,5,benign
3.916,tcp,219.5,274.88,0,7,benign
6.977,udp,254.41,302.9,0,11,benign
3.089,icmp,192.72,280.72,0,4,benign
5.329,icmp,235.8,164.7,0,3,benign
7.297,icmp,210.71,181.43,0,7,benign
1.783,icmp,81.75,94.06,0,5,probe
4.675,icmp,284.74,326.45,0,6,benign
0.467,udp,41.24,29.13,1,23,dos
0.01,tcp,8.6,7.73,0,23,dos
7.763,icmp,280.5,208.8,0,2,benign
1.158,tcp,176.97,123.77,0,7,benign
5.122,udp,385.99,537.51,0,5,r2l
3.357,udp,354.29,247.2,0,6,benign
0.404,udp,17.94,16.21,0,13,dos
3.933,tcp,840.08,993.05,0,5,u2r
13.918,tcp,429.38,525.63,0,3,r2l
0.01,icmp,25.19,30.53,0,21,dos
0.488,tcp,16.68,22.48,1,22,dos
0.426,icmp,48.41,38.64,0,21,dos
3.049,tcp,162.98,124.9,0,6,probe
1.052,icmp,194.88,247.11,0,5,benign
0.668,icmp,22.1,26.43,0,14,dos
3.711,udp,155.63,161.75,0,7,probe
6.309,tcp,252.53,219.16,0,5,benign
0.884,icmp,41.2,31.44,0,19,dos
0.858,tcp,14.82,15.34,0,23,dos
0.115,tcp,14.34,18.18,0,21,dos
12.595,icmp,348.27,298.77,0,13,r2l
13.924,udp,923.3,689.66,0,10,r2l
1.919,icmp,253.36,189.24,0,8,benign
4.79,udp,142.47,155.89,0,5,benign
1.696,icmp,302.72,264.5,0,7,benign
6.086,udp,240.81,241.33,0,11,benign
4.859,icmp,288.11,319.55,0,6,benign
0.67,tcp,29.09,25.78,0,22,dos
0.181,tcp,37.93,31.89,0,18,dos
2.066,tcp,291.58,247.16,0,5,benign
4.572,udp,240.22,222.3,0,4,benign
8.009,icmp,227.81,230.44,0,4,benign
0.357,udp,24.28,30.12,1,16,dos
3.737,tcp,43.04,32.96,0,3,probe
2.219,tcp,278.85,215.57,0,5,benign
4.467,icmp,176.07,160.1,0,2,benign
3.916,icmp,203.07,244.82,0,3,benign
6.746,tcp,218.41,192.65,0,5,benign
5.195,tcp,386.73,282.7,0,4,benign
6.797,tcp,578.2,572.23,0,6,u2r
3.494,tcp,401.74,312.92,0,4,benign
4.582,udp,177.89,187.2,0,5,benign
4.756,tcp,231.62,178.27,0,4,benign
2.471,tcp,348.04,269.1,0,5,benign
0.417,tcp,197.2,250.58,0,3,benign
5.444,udp,277.74,249.4,0,3,benign
7.265,icmp,250.36,256.26,0,5,benign
1.591,udp,40.9,34.86,0,6,probe
5.528,icmp,1260.68,1100.45,0,7,u2r
5.446,tcp,200.35,224.81,0,6,benign
4.767,tcp,257.63,318.52,0,5,benign
6.331,tcp,323.4,465.37,0,6,r2l
0.392,udp,29.99,36.61,0,26,dos
8.447,udp,385.84,395.91,0,11,r2l
0.406,icmp,3.45,3.93,0,15,dos
2.281,tcp,97.3,121.88,0,3,probe
2.567,udp,165.71,185.91,0,3,benign
3.883,tcp,148.1,102.81,0,4,r2l
3.345,icmp,147.87,197.69,0,9,benign
3.926,icmp,162.72,240.22,1,5,benign
0.975,tcp,64.62,53.85,0,7,probe
3.203,udp,5.58,4.82,0,7,probe
3.798,tcp,931.94,775.82,0,2,u2r
0.436,icmp,22.92,28.34,0,18,dos
7.899,udp,171.18,166.41,0,7,benign
0.66,tcp,19.89,28.84,0,12,dos
6.575,icmp,276.21,267.9,0,5,r2l
0.505,udp,23.99,20.72,0,15,dos
18.347,udp,1042.05,1217.58,0,7,u2r
6.182,udp,220.55,306.09,0,6,benign
4.669,icmp,65.46,70.44,0,6,probe
10.968,tcp,526.78,444.27,0,4,r2l
7.656,icmp,250.16,316.95,0,6,benign
5.418,icmp,438.97,439.93,0,5,r2l
7.802,tcp,211.72,183.93,0,9,benign
3.262,icmp,222.59,242.48,0,9,benign
3.572,udp,379.93,276.43,0,7,benign
4.189,tcp,220.95,181.13,0,6,benign
4.812,udp,443.94,355.8,0,5,benign
3.476,tcp,197.63,220.69,0,2,benign
5.238,tcp,196.85,288.82,0,6,benign
1.772,tcp,112.31,141.73,0,1,probe
0.647,icmp,24.05,17.13,0,36,dos
0.194,tcp,6.56,9.0,0,22,dos
0.692,udp,35.88,52.41,0,26,dos
2.512,tcp,145.73,104.32,0,8,probe
6.106,icmp,248.88,177.16,0,5,benign
5.081,tcp,346.64,234.14,0,5,benign
3.009,tcp,166.23,212.08,0,6,benign
3.941,udp,287.97,324.35,0,4,benign
6.538,udp,175.73,223.42,0,3,benign
4.293,icmp,235.4,313.11,0,10,benign
6.96,udp,321.48,288.24,0,3,benign
2.632,tcp,191.48,164.37,0,2,benign
3.6,udp,269.16,267.47,0,6,benign
5.094,icmp,92.74,65.2,0,10,probe
3.907,udp,224.86,265.92,0,6,r2l
3.877,udp,159.82,214.35,0,7,benign
3.225,udp,70.11,70.14,0,4,probe
7.99,udp,218.92,209.9,0,10,benign
3.568,udp,62.09,58.06,0,4,probe
6.181,udp,480.86,403.61,0,2,r2l
0.163,tcp,7.95,8.67,0,8,worm
6.829,tcp,246.18,253.27,0,4,benign
4.639,icmp,225.94,284.75,0,7,benign
0.077,icmp,28.6,29.49,0,19,dos
5.073,icmp,141.37,199.45,0,7,benign
7.267,udp,181.14,202.88,0,2,benign
0.866,udp,20.37,19.22,0,34,dos
2.266,udp,113.35,76.58,0,5,probe
0.557,icmp,22.78,30.95,0,30,dos
6.117,udp,331.04,258.5,0,2,benign
3.746,icmp,487.57,578.77,0,8,r2l
5.361,tcp,179.49,142.76,0,5,benign
11.869,udp,1122.16,995.3,0,6,u2r
6.112,icmp,163.37,109.57,0,6,benign
0.225,icmp,9.72,8.18,0,0,worm
3.161,icmp,149.66,114.67,0,5,benign
1.157,icmp,296.86,231.21,0,5,benign
0.359,tcp,42.53,36.34,0,31,dos
2.896,tcp,360.31,320.54,0,1,benign
1.28,icmp,288.98,305.79,0,6,benign
3.51,icmp,491.54,652.35,0,4,r2l
5.68,tcp,210.81,243.06,0,6,benign
4.96,udp,241.72,161.27,0,4,benign
8.064,tcp,270.81,379.67,0,6,benign
9.367,tcp,584.97,534.12,0,2,r2l
7.823,udp,287.17,414.15,0,8,benign
4.46,udp,204.72,282.04,0,6,benign
2.997,udp,152.65,220.07,0,7,benign
10.273,udp,610.21,475.61,0,4,r2l
1.131,udp,173.88,158.81,0,4,probe
0.539,icmp,11.48,11.78,0,16,dos
5.262,icmp,186.74,215.82,0,1,benign
0.36,udp,23.69,24.86,1,24,dos
2.029,icmp,202.75,148.2,0,6,benign
7.058,icmp,62.66,71.59,0,6,benign
17.458,udp,1142.68,1311.81,0,7,u2r
6.721,icmp,181.23,250.88,0,5,benign
0.732,tcp,21.56,18.64,0,20,dos
0.101,icmp,3.3,2.39,0,3,worm
0.147,icmp,37.97,27.15,0,21,dos
4.622,icmp,449.49,347.85,0,2,benign
0.176,tcp,2.99,3.41,0,3,worm
7.26,tcp,280.85,303.89,0,7,benign
3.016,tcp,88.14,84.06,1,1,probe
0.083,icmp,38.36,47.73,0,18,dos
4.219,icmp,272.98,234.77,0,4,benign
1.439,tcp,43.97,51.93,0,6,benign
19.774,tcp,1230.15,1353.38,0,4,u2r
0.01,tcp,20.32,15.24,0,13,dos
4.273,icmp,70.62,93.93,0,3,probe
0.201,icmp,20.62,20.55,0,21,dos
8.222,icmp,288.86,320.17,0,3,benign
3.572,tcp,335.87,249.2,0,9,benign
1.881,udp,344.61,375.24,0,10,benign
5.183,udp,348.76,297.45,0,7,benign
4.761,icmp,217.86,237.86,0,7,benign
0.371,udp,20.41,23.09,0,13,dos
11.217,udp,543.55,475.19,0,4,r2l
0.897,icmp,11.45,17.09,1,19,dos
3.292,icmp,324.72,338.22,0,4,benign
4.897,udp,155.0,109.03,0,4,probe
0.522,udp,17.61,24.98,0,18,dos
7.533,icmp,202.04,171.09,0,3,benign
3.536,udp,139.73,143.77,0,7,probe
5.135,icmp,320.71,392.83,0,8,benign
13.653,icmp,540.7,809.44,0,3,r2l
0.279,udp,24.63,18.87,0,28,dos
1.126,udp,228.05,210.72,0,8,benign
4.541,tcp,195.72,280.23,0,6,benign
2.955,icmp,276.88,265.25,0,8,benign
0.516,icmp,20.64,18.07,0,17,dos
3.028,udp,399.5,328.41,0,6,benign
0.45,udp,6.62,5.88,0,5,worm
9.774,icmp,126.52,130.07,0,1,benign
5.777,icmp,175.2,194.66,0,1,benign
7.268,tcp,205.01,200.99,0,5,benign
0.024,tcp,11.83,11.43,0,29,dos
4.02,tcp,77.42,112.98,0,5,probe
0.152,udp,4.18,3.25,0,6,worm
0.345,tcp,26.0,34.54,0,13,dos
5.042,icmp,533.07,632.44,0,4,r2l
0.299,udp,26.4,20.09,0,19,dos
32.116,udp,744.59,1041.56,0,5,u2r
3.092,tcp,101.91,123.56,0,3,probe
3.014,udp,278.88,188.7,0,5,benign
5.188,udp,206.98,235.95,0,5,benign
3.829,udp,93.0,84.79,0,1,probe
2.18,udp,143.08,166.94,0,10,benign
8.921,tcp,162.79,210.74,0,4,benign
4.982,udp,274.03,217.65,0,4,benign
1.737,udp,132.93,147.21,0,6,probe
3.873,tcp,199.02,233.86,0,4,benign
4.674,udp,301.04,275.85,0,5,benign
0.163,icmp,8.69,7.56,0,7,worm
7.258,udp,343.46,229.56,0,3,benign
0.996,udp,28.51,31.3,0,22,dos
3.06,icmp,183.23,216.53,0,3,benign
12.492,udp,550.59,809.59,0,4,u2r
8.143,icmp,221.13,258.8,0,5,benign
4.088,icmp,150.86,128.69,0,10,benign
2.105,tcp,34.19,36.6,0,4,probe
2.347,icmp,179.25,213.63,0,5,benign
7.952,udp,149.0,213.44,0,4,benign
6.693,udp,302.91,266.29,0,4,benign
2.936,icmp,232.94,214.3,0,7,benign
10.991,tcp,354.66,423.56,0,3,r2l
2.488,tcp,124.61,94.17,0,3,probe
2.949,udp,259.68,255.45,0,10,benign
8.548,tcp,754.97,876.76,0,3,u2r
7.877,udp,175.33,171.63,0,3,benign
0.479,udp,14.91,15.0,0,21,dos
1.804,icmp,250.05,183.03,0,2,benign
3.658,icmp,55.13,55.46,0,6,probe
5.835,tcp,220.1,162.05,0,5,benign
6.147,udp,200.94,182.71,0,6,benign
2.236,tcp,275.11,264.69,1,6,benign
1.033,icmp,125.39,186.48,0,7,probe
6.714,tcp,150.9,127.52,0,5,benign
0.688,udp,19.5,23.82,0,12,dos
3.768,icmp,103.0,137.64,0,6,benign
3.986,tcp,221.82,223.79,0,5,benign
6.348,tcp,214.93,187.51,0,3,benign
5.088,tcp,182.5,268.09,0,7,benign
3.076,udp,272.43,368.03,0,2,benign
5.829,tcp,279.68,191.93,0,12,benign
2.835,icmp,405.88,361.3,0,5,benign
6.502,icmp,257.5,359.33,0,3,benign
5.578,udp,335.62,313.76,0,8,benign
4.579,tcp,165.39,217.34,0,8,benign
0.222,tcp,0.89,1.27,0,7,worm
4.664,icmp,217.48,195.17,0,7,benign
4.248,udp,109.23,150.43,0,4,benign
16.637,icmp,712.7,997.89,0,4,u2r
7.204,tcp,539.52,618.98,0,6,r2l
11.432,udp,590.94,598.3,0,6,r2l
0.539,udp,32.42,27.93,0,26,dos
4.201,udp,272.56,275.08,0,10,benign
4.765,udp,333.71,272.74,0,7,benign
0.515,icmp,29.7,23.9,0,24,dos
5.006,tcp,377.93,336.53,1,3,benign
2.925,tcp,166.51,138.7,0,7,probe
3.334,icmp,141.73,175.95,0,3,benign
8.151,tcp,279.15,413.93,0,6,benign
4.026,icmp,442.61,307.94,0,4,benign
10.138,tcp,1089.55,1367.3,0,8,u2r
1.078,tcp,435.79,304.87,0,6,benign
3.488,udp,88.53,84.47,0,6,probe
3.669,udp,195.96,170.57,0,8,benign
3.17,icmp,137.89,195.7,0,5,benign
3.836,udp,123.25,88.89,0,9,probe
4.343,icmp,295.66,350.74,0,3,benign
2.797,icmp,217.68,266.5,0,6,r2l
0.597,tcp,11.43,7.98,0,23,dos
4.837,tcp,281.99,192.69,0,5,benign
5.297,icmp,290.67,259.83,0,7,benign
8.132,tcp,127.88,125.25,0,1,benign
3.182,tcp,322.31,230.87,0,1,benign
5.498,icmp,66.76,99.44,0,7,benign
0.479,udp,331.53,301.5,0,2,benign
0.438,tcp,44.28,38.46,0,18,dos
0.456,tcp,33.33,39.01,0,16,dos
4.244,icmp,266.79,235.17,0,2,benign
0.64,udp,189.58,213.85,0,5,benign
5.262,icmp,311.59,389.45,0,1,benign
4.335,udp,200.51,264.27,0,12,benign
0.865,tcp,35.36,35.23,0,28,dos
6.251,udp,311.57,233.74,0,2,benign
5.255,tcp,133.42,170.97,0,5,benign
0.475,icmp,18.85,25.19,0,27,dos
7.099,tcp,284.39,262.85,0,3,benign
4.144,udp,192.34,144.16,0,4,probe
4.877,icmp,559.53,403.74,0,3,benign
3.671,tcp,230.23,319.74,0,8,benign
5.646,icmp,252.13,176.09,0,7,benign
7.573,icmp,298.91,317.65,0,8,benign
0.514,tcp,387.48,279.1,0,3,benign
7.873,udp,203.09,249.46,0,2,benign
2.751,udp,54.37,58.87,0,11,probe
0.557,udp,15.6,10.88,1,23,dos
4.511,icmp,204.96,286.89,0,5,benign
5.385,icmp,445.77,330.16,0,3,benign
2.641,tcp,41.95,33.52,0,3,probe
7.876,udp,327.29,357.5,0,5,benign
3.982,tcp,115.38,88.25,0,2,probe
8.826,tcp,182.8,163.11,1,3,benign
3.888,udp,457.6,415.74,0,8,r2l
4.276,tcp,297.48,291.18,0,6,benign
4.881,tcp,256.01,281.97,0,5,benign
0.736,icmp,20.45,25.5,0,24,dos
6.757,icmp,326.86,229.93,0,5,benign
6.948,udp,170.09,173.33,0,6,benign
5.004,icmp,279.18,340.11,0,5,benign
5.908,udp,297.04,239.18,0,6,benign
3.535,tcp,69.26,92.46,0,5,benign
0.643,udp,33.93,24.11,0,18,dos
15.864,tcp,1398.77,1091.88,0,7,u2r
0.394,udp,16.92,11.51,0,21,dos
0.267,icmp,10.1,11.76,0,18,dos
7.997,tcp,234.71,329.42,0,6,benign
0.388,tcp,23.49,27.44,0,17,dos
4.565,icmp,182.77,146.2,0,10,benign
4.114,icmp,86.94,83.65,0,5,probe
0.853,tcp,18.97,22.12,0,14,dos
5.758,tcp,316.39,358.55,0,9,benign
0.256,tcp,162.72,174.5,0,3,benign
6.59,icmp,179.9,205.3,0,4,benign
1.822,udp,322.78,248.02,0,12,benign
5.729,icmp,264.75,355.09,0,2,benign
9.428,icmp,209.66,156.43,0,8,benign
2.64,udp,260.44,288.51,0,9,benign
0.182,udp,24.87,21.73,0,20,dos
3.466,icmp,241.6,299.75,0,6,benign
1.024,udp,0.52,0.48,0,15,dos
8.232,udp,159.87,119.89,0,4,benign
9.336,tcp,397.96,323.18,0,4,r2l
2.191,tcp,166.83,164.58,0,5,benign
5.451,tcp,256.04,349.83,0,6,r2l
3.697,icmp,21.81,26.4,0,8,probe
8.031,icmp,476.56,518.43,0,4,r2l
3.12,udp,88.41,98.75,0,2,probe
1.21,udp,28.86,33.37,1,23,dos
1.519,udp,83.49,69.61,0,6,probe
0.997,udp,288.67,254.1,0,7,benign
7.419,icmp,177.44,258.17,0,6,benign
7.97,icmp,100.78,93.09,0,6,benign
5.974,tcp,324.38,286.52,0,2,benign
4.37,tcp,235.48,221.18,0,4,benign
6.337,tcp,289.49,277.48,0,3,benign
0.01,tcp,301.98,244.9,0,3,benign
5.23,udp,253.47,245.34,0,4,benign
0.401,tcp,34.68,35.38,0,14,dos
2.91,udp,255.01,270.64,0,3,benign
3.72,tcp,230.94,160.14,0,7,benign
4.241,udp,69.92,102.11,0,7,benign
0.259,udp,32.47,25.16,0,19,dos
0.358,tcp,3.95,5.8,0,2,worm
3.885,tcp,121.6,166.37,0,5,benign
3.967,udp,390.27,278.47,0,9,benign
1.637,udp,104.43,77.08,0,3,probe
4.492,udp,318.69,474.51,0,2,benign
7.6,tcp,349.64,255.96,0,4,benign
2.8,tcp,253.79,192.42,0,5,benign
7.055,udp,279.89,267.41,0,4,benign
1.538,udp,119.96,134.35,0,4,probe
5.752,udp,226.62,192.06,0,0,benign
10.231,tcp,559.44,602.76,0,5,r2l
3.185,udp,249.91,290.47,0,4,benign
4.359,udp,277.26,313.1,0,3,benign
4.176,udp,288.12,244.18,0,6,benign
9.563,tcp,347.19,321.13,0,5,benign
6.076,tcp,123.34,179.12,0,2,benign
13.133,icmp,486.66,588.87,0,13,r2l
0.304,icmp,16.08,23.47,0,19,dos
8.104,tcp,298.02,298.09,0,6,benign
1.839,tcp,440.65,324.97,0,2,benign
3.294,icmp,283.84,331.01,0,3,benign
5.772,udp,175.11,155.09,0,3,benign
6.331,tcp,209.77,254.65,0,5,benign
4.997,tcp,223.94,300.31,0,5,benign
6.132,tcp,257.18,378.56,0,3,benign
6.218,udp,386.98,513.06,0,4,r2l
6.512,tcp,158.68,215.62,0,10,benign
17.233,tcp,1104.86,1007.73,0,6,u2r
1.286,tcp,101.78,129.54,0,4,probe
0.2,tcp,39.61,29.44,0,18,dos
5.489,tcp,269.68,223.81,0,4,benign
1.963,udp,126.74,89.37,0,2,probe
5.237,udp,275.76,312.55,0,8,benign
10.625,icmp,103.16,113.43,0,2,benign
7.074,udp,333.48,324.09,0,4,r2l
1.511,udp,268.88,346.41,0,4,benign
0.676,udp,42.35,29.96,1,22,dos
4.594,icmp,281.21,310.75,0,2,benign
0.294,icmp,0.55,0.55,0,6,worm
6.849,udp,168.6,238.69,0,6,benign
0.619,icmp,27.05,27.35,0,21,dos
1.883,udp,210.58,151.51,0,7,probe
0.522,udp,12.39,18.06,0,22,dos
0.485,tcp,6.45,6.89,0,22,dos
7.902,icmp,245.35,214.81,0,4,benign
0.055,udp,20.75,17.05,0,15,dos
6.013,udp,272.92,211.36,0,7,benign
3.656,icmp,241.41,285.95,0,5,benign
2.558,udp,95.65,68.73,0,8,probe
2.763,udp,343.06,251.53,0,5,benign
5.691,udp,251.68,362.46,0,4,benign
1.866,tcp,271.79,215.63,0,1,benign
4.926,icmp,280.94,367.78,0,5,benign
7.583,udp,218.2,199.39,0,2,benign
5.029,tcp,210.21,173.28,0,3,benign
0.105,tcp,4.39,5.48,0,1,worm
6.816,udp,224.8,287.21,0,1,benign
7.466,udp,379.15,434.6,0,8,benign
5.504,udp,248.3,315.97,0,5,benign
6.814,tcp,342.81,369.6,0,5,r2l
2.09,tcp,99.5,115.81,0,1,benign
2.326,icmp,119.67,112.52,0,4,probe
7.707,udp,548.35,665.44,0,8,r2l
15.26,udp,701.85,701.62,0,5,r2l
4.093,icmp,282.45,280.88,0,5,benign
0.881,tcp,44.8,31.39,0,16,dos
0.792,tcp,31.4,33.54,0,26,dos
7.387,tcp,351.34,359.93,0,2,benign
2.115,udp,311.97,295.14,0,3,benign
2.497,icmp,138.15,126.11,0,6,probe
5.885,icmp,295.66,285.74,0,4,benign
5.75,tcp,207.22,188.04,0,3,benign
6.93,icmp,208.0,190.4,0,5,benign
3.83,icmp,258.54,329.18,0,7,benign
5.0,tcp,218.83,158.4,0,4,benign
0.174,icmp,269.59,325.03,0,4,benign
0.031,icmp,34.06,29.61,1,23,dos
4.017,tcp,282.9,382.47,0,7,benign
7.82,icmp,166.9,213.38,0,4,benign
8.455,tcp,262.25,320.29,0,3,benign
4.948,tcp,332.45,283.38,0,6,benign
8.033,udp,214.39,288.51,0,8,benign
4.973,icmp,394.31,373.53,0,7,benign
6.321,udp,277.83,357.74,0,3,benign
2.711,icmp,181.94,215.82,0,3,probe
3.085,udp,146.38,146.27,0,4,probe
5.397,udp,257.2,362.11,0,4,benign
5.731,tcp,173.93,122.33,0,6,benign
4.316,tcp,108.31,100.34,0,4,probe
13.135,icmp,748.04,1064.17,0,6,r2l
7.855,icmp,270.99,208.31,0,3,benign
2.759,tcp,128.49,100.82,0,5,probe
7.378,tcp,201.95,175.75,0,2,benign
0.141,tcp,5.91,3.98,0,5,worm
1.995,icmp,181.69,139.73,0,4,benign
0.598,icmp,24.92,36.39,0,13,dos
2.757,tcp,861.26,577.26,0,7,r2l
5.216,icmp,265.56,268.32,0,6,benign
5.463,udp,195.15,274.67,0,2,benign
7.158,icmp,139.78,182.12,0,5,benign
7.96,udp,435.59,363.62,0,9,benign
1.672,tcp,41.33,57.24,0,7,probe
0.436,tcp,11.13,14.78,0,14,dos
4.996,udp,309.83,307.54,0,7,benign
7.959,udp,312.59,215.62,0,4,benign
6.108,tcp,261.91,236.85,0,5,benign
0.589,tcp,30.9,22.23,0,19,dos
6.581,icmp,234.01,165.91,0,6,benign
8.653,udp,274.44,403.51,0,9,r2l
6.732,icmp,411.35,310.72,0,7,benign
3.561,tcp,126.82,120.74,0,6,probe
4.854,icmp,84.65,98.57,0,5,probe
3.713,udp,285.81,275.75,0,5,benign
6.873,tcp,157.08,228.83,0,8,benign
2.459,tcp,176.44,239.75,0,3,probe
7.634,icmp,577.62,605.09,0,5,r2l
2.511,udp,120.37,94.29,0,9,probe
6.061,udp,223.01,175.44,0,7,benign
8.129,tcp,200.57,282.61,0,5,benign
5.881,udp,366.94,276.27,0,4,r2l
4.62,icmp,238.81,221.65,0,4,benign
6.187,icmp,229.7,242.68,0,7,benign
8.072,icmp,174.95,119.86,0,9,benign
9.757,udp,930.36,635.87,0,5,r2l
0.486,udp,43.97,35.2,0,25,dos
0.542,tcp,21.15,29.94,0,20,dos
4.704,tcp,339.23,287.69,0,3,benign
9.599,tcp,144.65,145.04,0,6,benign
5.721,udp,79.89,96.37,0,5,benign
0.563,tcp,11.7,17.26,0,23,dos
0.2,tcp,4.7,5.43,0,9,worm
3.081,udp,269.38,285.58,0,4,benign
0.692,udp,22.96,17.87,0,22,dos
5.746,udp,445.39,331.22,0,5,benign
7.645,udp,335.67,385.85,0,3,benign
5.896,icmp,393.31,326.9,0,4,benign
0.341,tcp,19.58,24.99,0,25,dos
6.282,tcp,353.03,313.39,0,7,benign
3.373,udp,206.44,260.61,0,7,benign
7.741,tcp,101.24,98.34,0,7,benign
7.745,tcp,358.32,295.65,0,4,benign
1.746,icmp,116.03,96.64,0,5,probe
5.798,tcp,607.72,564.3,0,4,r2l
0.269,icmp,23.85,23.53,0,17,dos
0.411,udp,22.94,32.44,1,22,dos
4.213,icmp,335.42,322.36,0,3,benign
2.186,tcp,223.14,269.53,0,3,benign
13.648,udp,1362.19,1103.14,0,4,u2r
5.435,udp,344.68,239.57,0,3,benign
4.001,udp,139.79,141.66,0,3,benign
4.017,tcp,151.42,190.98,0,8,benign
6.088,udp,390.46,314.54,0,6,benign
0.236,udp,20.18,23.82,0,14,dos
4.705,icmp,138.6,133.05,0,7,benign
3.858,tcp,309.32,314.53,0,5,benign
3.901,icmp,310.79,363.58,0,6,benign
12.229,udp,763.04,738.38,0,5,u2r
4.81,icmp,249.43,223.26,0,7,benign
4.314,tcp,279.95,385.95,0,5,benign
0.185,udp,4.68,3.39,0,4,worm
8.57,udp,260.5,205.39,0,3,benign
4.621,icmp,316.37,318.6,0,3,benign
4.893,udp,242.38,284.07,0,4,benign
0.112,icmp,3.79,4.55,0,5,worm
3.556,tcp,225.38,238.25,0,8,benign
5.878,tcp,281.85,315.29,0,7,benign
6.414,udp,225.7,160.17,0,3,benign
4.908,icmp,77.74,89.19,0,8,probe
25.717,icmp,1032.25,872.05,0,11,u2r
2.28,tcp,330.12,293.97,0,4,benign
4.331,icmp,299.4,273.3,0,4,benign
5.169,udp,155.56,185.42,0,4,benign
3.347,tcp,378.55,313.87,0,5,benign
5.3,icmp,113.65,95.94,0,3,benign
2.966,udp,265.19,283.24,0,4,benign
4.129,tcp,169.57,172.9,0,3,benign
3.214,tcp,286.42,408.48,0,7,benign
2.2,tcp,107.08,92.86,0,7,probe
3.328,tcp,190.1,189.99,0,4,benign
0.584,tcp,12.88,14.16,0,20,dos
0.635,icmp,38.33,30.3,0,20,dos
9.881,tcp,555.69,421.1,0,9,r2l
3.207,udp,130.08,94.65,0,6,probe
1.298,udp,22.7,22.75,0,17,dos
0.601,udp,17.64,18.27,0,13,dos
0.137,tcp,21.89,22.67,0,22,dos
4.434,udp,139.83,125.62,0,6,benign
7.254,icmp,221.87,295.93,0,6,benign
5.126,udp,162.32,155.89,0,4,benign
4.362,icmp,288.59,196.58,0,4,benign
1.234,udp,54.2,39.75,0,19,dos
6.582,tcp,259.57,293.94,0,3,benign
5.423,udp,523.1,413.98,0,2,r2l
2.407,icmp,290.04,203.91,0,7,benign
0.22,tcp,3.79,4.08,0,24,dos
4.071,tcp,607.3,728.87,0,9,r2l
2.562,udp,282.94,265.13,0,6,benign
0.218,udp,32.82,34.78,0,19,dos
5.666,icmp,253.95,211.89,0,6,benign
0.075,icmp,41.4,33.17,0,18,dos
1.956,udp,150.39,123.49,0,3,benign
0.512,icmp,20.73,28.53,0,18,dos
5.869,tcp,311.42,223.85,0,2,benign
6.604,tcp,441.77,641.77,0,4,r2l
3.846,udp,65.06,46.28,0,5,probe
5.203,icmp,258.07,200.17,0,1,benign
4.774,icmp,191.56,176.01,0,3,benign
1.899,icmp,70.22,48.32,0,7,probe
0.679,tcp,14.5,20.14,0,11,dos
5.593,udp,289.91,365.16,0,6,benign
7.242,udp,144.0,211.63,0,6,benign
5.833,tcp,290.89,339.99,0,7,benign
0.226,tcp,33.94,29.89,0,22,dos
5.598,icmp,143.32,157.28,0,10,benign
10.014,tcp,842.5,999.99,0,4,u2r
2.615,udp,283.45,384.93,0,7,benign
4.379,tcp,220.2,254.08,0,6,benign
20.332,udp,1057.46,783.7,0,2,u2r
5.133,udp,214.98,260.76,0,6,benign
1.69,tcp,129.35,108.94,0,3,probe
17.458,icmp,754.24,830.22,0,3,u2r
4.752,icmp,240.72,344.54,0,4,benign
8.442,udp,257.79,320.97,0,4,benign
8.554,tcp,376.33,410.42,0,5,r2l
4.589,tcp,289.51,217.19,0,4,benign
0.431,tcp,19.59,18.95,0,19,dos
0.736,udp,265.23,200.64,0,5,benign
3.768,icmp,495.34,339.43,1,3,benign
1.136,icmp,13.34,10.17,0,15,dos
5.893,udp,364.44,280.97,0,3,benign
2.96,udp,248.92,318.87,0,5,benign
0.422,icmp,23.27,29.41,0,17,dos
3.388,tcp,217.22,177.97,0,6,benign
0.166,tcp,20.87,15.07,0,18,dos
0.416,icmp,25.23,22.98,0,17,dos
6.267,tcp,257.02,269.5,0,3,benign
4.342,udp,322.49,244.44,0,2,benign
9.002,udp,312.48,314.15,0,5,benign
3.164,icmp,163.07,112.21,0,9,benign
5.327,icmp,343.03,229.95,0,6,r2l
6.263,tcp,196.46,210.65,0,9,benign
2.92,udp,248.96,354.2,0,1,benign
0.534,icmp,19.09,25.56,0,20,dos
0.148,udp,0.93,1.11,0,3,worm
5.491,udp,163.83,211.7,0,8,benign
6.179,udp,274.58,256.72,0,5,benign
6.764,icmp,518.81,464.8,0,8,r2l
5.351,udp,232.03,290.81,0,5,benign
5.967,udp,504.29,701.64,0,4,r2l
6.68,udp,215.64,288.83,0,6,benign
2.588,icmp,185.07,150.13,0,9,probe
5.498,udp,410.78,291.32,0,2,benign
5.82,icmp,227.63,326.52,0,4,benign
0.01,tcp,44.9,50.55,0,17,dos
1.466,udp,160.26,171.5,1,3,benign
0.996,tcp,93.03,105.61,0,2,probe
0.461,icmp,22.12,32.76,0,28,dos
5.059,tcp,170.07,195.23,0,4,benign
3.108,icmp,108.06,133.09,1,3,probe
4.032,tcp,196.76,149.46,0,5,benign
5.121,udp,290.34,198.99,0,8,benign
3.296,icmp,211.4,158.57,0,8,benign
2.243,udp,20.03,16.66,0,8,probe
3.473,icmp,95.87,132.9,0,6,benign
6.572,udp,285.55,299.9,0,3,benign
10.221,tcp,469.76,691.99,0,4,r2l
0.648,tcp,37.25,30.82,0,17,dos
2.69,udp,106.52,97.02,0,4,probe
5.324,tcp,224.94,301.89,0,5,benign
3.194,tcp,235.08,315.99,0,3,benign
14.593,tcp,1030.56,1166.93,0,5,u2r
5.832,tcp,441.3,368.89,0,6,r2l
0.112,icmp,4.9,3.54,0,6,worm
3.947,udp,173.64,253.64,0,6,benign
4.98,icmp,440.36,310.81,0,6,benign
9.186,tcp,259.82,183.6,0,6,benign
2.733,tcp,269.82,261.34,0,8,benign
3.973,icmp,111.67,74.56,0,5,probe
1.913,udp,115.38,127.18,0,9,benign
6.404,tcp,333.4,254.17,0,2,benign
2.856,udp,289.48,201.27,0,2,benign
7.657,udp,273.44,199.68,0,9,benign
0.285,icmp,1.42,1.47,0,5,worm
3.227,icmp,80.04,84.04,0,8,probe
1.53,tcp,272.17,278.45,0,7,benign
1.69,icmp,388.89,369.53,0,5,benign
0.129,icmp,4.84,6.33,0,2,worm
0.392,tcp,19.38,20.79,0,21,dos
5.509,udp,1265.64,1488.02,0,5,u2r
6.644,udp,464.25,615.94,0,7,r2l
0.755,tcp,27.05,22.37,0,19,dos
2.886,udp,400.4,340.55,0,4,benign
1.343,icmp,252.76,180.59,0,0,benign
4.036,udp,262.09,182.49,0,4,benign
9.791,icmp,577.89,809.29,0,6,r2l
0.237,icmp,388.72,333.03,0,4,benign
3.678,icmp,113.76,155.63,0,5,benign
0.486,tcp,28.06,20.88,0,22,dos
7.91,udp,300.05,257.66,0,4,benign
9.861,udp,509.91,521.81,0,5,r2l
8.2,tcp,351.83,274.67,0,6,benign
0.993,udp,270.05,188.07,0,4,benign
4.708,udp,126.4,185.05,0,4,benign
2.135,tcp,108.63,81.56,0,9,probe
4.528,tcp,254.48,172.3,0,1,benign
17.744,icmp,903.53,1171.26,0,6,u2r
1.837,udp,332.73,248.16,0,7,benign
4.515,icmp,194.97,164.25,0,5,benign
1.836,udp,493.84,492.34,0,7,benign
3.006,icmp,15.6,14.98,0,1,probe
4.672,icmp,313.07,269.69,0,8,benign
2.516,tcp,315.4,318.01,0,4,benign
2.555,icmp,207.88,284.68,0,6,benign
8.258,tcp,285.06,313.46,0,7,benign
13.993,tcp,1273.73,982.51,0,9,u2r
13.312,tcp,630.69,426.86,0,4,r2l
5.423,tcp,248.89,346.42,0,2,benign
5.124,icmp,188.95,255.46,0,3,benign
0.457,tcp,28.34,23.81,0,20,dos
12.434,udp,752.85,918.74,0,1,u2r
2.591,udp,472.89,321.41,0,5,r2l
5.515,tcp,299.94,211.27,0,7,benign
6.921,tcp,248.26,241.87,0,8,benign
2.499,icmp,354.5,377.8,0,5,benign
6.022,tcp,248.39,195.39,0,8,benign
1.788,tcp,128.11,176.46,0,6,probe
3.616,tcp,366.9,314.86,0,10,benign
15.078,tcp,1479.23,1172.4,0,3,u2r
5.341,udp,317.6,270.39,0,7,benign
0.151,tcp,14.03,20.15,0,23,dos
2.339,tcp,85.5,100.3,0,4,probe
0.375,icmp,8.55,8.78,0,9,worm
0.934,tcp,37.92,41.84,0,23,dos
6.111,udp,381.46,254.83,0,6,benign
4.162,udp,418.3,295.95,0,5,benign
11.109,icmp,570.67,392.74,0,3,r2l
7.837,icmp,401.63,528.87,0,3,r2l
4.237,icmp,219.25,202.38,0,6,benign
3.83,tcp,323.98,223.28,0,4,benign
6.303,tcp,203.22,212.06,0,7,benign
4.63,tcp,154.99,161.2,0,6,benign
1.171,udp,28.35,19.88,0,20,dos
6.351,udp,257.5,301.31,0,6,benign
12.177,tcp,658.91,617.7,0,4,r2l
3.367,udp,264.73,283.04,0,3,benign
1.039,udp,16.45,11.67,0,16,dos
0.331,udp,5.75,4.74,0,14,dos
6.234,tcp,328.94,426.18,0,5,benign
3.838,udp,260.62,303.35,0,5,benign
0.121,tcp,11.03,8.66,0,19,dos
6.392,icmp,482.99,480.23,0,4,r2l
17.915,udp,1020.75,1473.17,0,9,u2r
6.947,udp,308.11,257.34,0,4,benign
4.033,udp,121.01,117.48,0,7,probe
3.671,udp,377.46,338.41,0,5,benign
7.49,icmp,143.82,209.02,0,5,benign
0.109,tcp,1.27,0.9,0,5,worm
0.528,udp,49.62,37.08,0,21,dos
14.31,udp,553.63,462.32,0,6,r2l
0.495,tcp,23.08,18.0,0,22,dos
7.174,icmp,551.62,457.15,0,4,r2l
5.689,tcp,217.31,237.02,0,5,benign
5.117,icmp,876.73,706.89,0,9,r2l
6.614,icmp,308.52,423.15,0,6,benign
4.21,udp,286.81,274.11,0,3,benign
2.417,tcp,65.64,95.28,1,3,probe
10.863,tcp,1155.94,1425.68,0,2,u2r
8.043,udp,245.12,177.86,0,2,benign
4.029,tcp,164.0,191.07,0,2,benign
9.413,icmp,313.94,258.03,0,8,benign
6.601,udp,243.66,240.85,0,8,benign
12.017,icmp,1402.06,952.44,0,3,u2r
4.549,udp,138.19,122.58,0,4,benign
0.01,udp,2.56,2.83,0,21,dos
7.375,udp,172.66,143.69,0,7,benign
5.718,icmp,129.27,186.93,0,3,benign
4.966,tcp,364.56,286.4,0,2,benign
0.01,tcp,117.44,87.05,0,6,benign
1.668,icmp,106.22,73.89,0,4,probe
2.074,tcp,1028.05,900.82,0,2,u2r
2.568,udp,161.1,209.79,0,9,benign
0.758,tcp,119.43,87.36,0,3,probe
6.582,udp,167.94,150.15,0,6,benign
4.886,udp,154.9,227.92,0,8,benign
0.553,icmp,2.34,3.01,0,29,dos
5.395,tcp,178.46,197.5,0,9,benign
5.493,tcp,170.23,143.56,0,4,benign
0.748,icmp,27.29,23.03,0,15,dos
5.371,icmp,279.3,303.27,0,4,benign
3.638,tcp,401.99,323.2,0,10,benign
1.762,udp,319.96,347.6,0,4,benign
5.578,icmp,268.66,239.77,0,5,benign
6.538,icmp,365.8,328.59,0,8,benign
6.059,tcp,230.69,171.62,0,5,benign
1.733,udp,41.39,32.32,0,3,probe
3.467,icmp,180.43,168.7,0,1,probe
4.39,udp,210.15,262.01,0,4,benign
4.493,udp,132.01,170.31,0,4,probe
0.118,icmp,12.44,8.56,0,14,dos
4.769,udp,202.92,225.44,0,5,benign
6.162,tcp,363.41,333.1,0,7,benign
12.482,udp,554.01,409.77,0,7,r2l
3.527,icmp,288.95,200.95,0,5,benign
7.65,udp,182.79,259.25,0,6,benign
2.775,tcp,103.27,80.24,0,8,benign
4.395,tcp,358.38,321.11,0,3,benign
7.045,udp,356.63,249.91,0,6,benign
5.136,udp,276.11,219.85,0,7,benign
1.934,tcp,172.83,226.88,0,2,benign
4.864,udp,352.35,265.39,0,8,benign
4.833,tcp,309.41,317.77,0,4,benign
7.63,icmp,201.17,195.29,0,6,benign
2.13,udp,0.6,0.4,0,5,probe
0.085,icmp,11.58,11.97,0,19,dos
8.995,tcp,359.1,445.75,0,2,benign
0.94,icmp,19.32,25.52,0,17,dos
5.247,tcp,240.91,197.99,0,4,benign
4.782,icmp,280.63,297.23,0,4,benign
4.25,icmp,339.95,230.5,0,5,benign
6.672,icmp,143.7,152.15,0,7,benign
1.594,udp,200.48,219.27,0,3,benign
3.926,tcp,266.02,254.29,0,8,benign
4.337,udp,292.94,353.85,0,6,benign
3.236,udp,92.74,138.35,0,7,probe
2.522,udp,116.52,93.11,0,4,probe
0.323,tcp,25.25,30.02,0,20,dos
4.705,udp,291.36,233.49,0,3,benign
4.382,icmp,238.12,217.59,0,5,benign
8.415,icmp,436.99,496.81,0,3,r2l
1.122,icmp,73.07,77.64,0,13,probe
3.93,icmp,376.77,289.31,0,8,benign
6.074,tcp,444.4,495.41,0,6,r2l
6.102,icmp,235.11,285.39,0,3,benign
1.385,icmp,316.55,258.58,0,7,benign
4.42,tcp,314.0,248.92,0,4,benign
4.526,icmp,216.41,196.14,0,4,benign
3.394,tcp,345.98,340.44,0,7,benign
6.318,tcp,118.08,170.19,0,5,benign
5.471,tcp,198.22,181.83,0,9,benign
0.194,udp,30.73,27.77,0,17,dos
3.605,udp,296.65,204.09,0,7,benign
7.137,udp,284.55,227.66,0,5,benign
8.853,udp,726.55,541.48,0,6,r2l
3.198,tcp,267.97,348.61,0,2,benign
2.828,udp,237.15,333.72,0,7,benign
4.284,icmp,269.72,286.57,0,5,benign
4.826,icmp,300.86,424.45,0,6,benign
2.245,udp,247.55,338.26,0,5,benign
5.195,udp,100.24,135.31,0,2,probe
9.162,tcp,354.66,297.06,0,4,r2l
3.493,udp,279.17,189.1,0,8,benign
2.371,udp,797.25,537.32,0,5,r2l
3.628,icmp,79.59,117.41,0,5,probe
6.88,udp,1641.49,1277.5,0,4,u2r
5.032,udp,256.82,381.87,0,4,benign
7.825,udp,1062.55,1364.91,0,6,u2r
5.466,icmp,48.33,46.09,0,6,benign
6.5,udp,151.98,197.53,0,6,benign
3.833,tcp,308.46,321.83,0,4,benign
0.234,icmp,42.19,30.77,0,31,dos
7.358,udp,285.33,201.47,0,8,benign
3.703,udp,115.6,89.34,0,5,probe
1.671,tcp,250.22,191.1,0,5,benign
5.474,udp,246.29,362.51,0,3,benign
11.119,icmp,230.94,341.46,0,7,benign
3.458,icmp,226.46,278.28,0,8,benign
4.108,icmp,223.99,229.2,0,9,benign
7.518,icmp,287.1,283.23,0,4,benign
0.642,udp,42.1,39.77,0,20,dos
3.966,udp,320.7,236.21,0,3,benign
0.496,udp,30.76,27.77,0,19,dos
3.331,icmp,109.25,79.87,0,7,probe
5.501,icmp,393.59,360.26,0,5,benign
3.167,udp,128.87,88.24,0,6,probe
0.093,tcp,2.84,2.52,0,1,worm
10.963,icmp,396.82,585.28,0,5,r2l
4.064,tcp,233.42,156.48,0,4,benign
6.086,tcp,394.95,281.95,0,4,benign
7.731,icmp,601.21,412.14,0,5,r2l
2.18,icmp,345.55,386.34,0,3,benign
5.654,tcp,159.59,206.35,0,4,benign
6.536,tcp,546.06,520.98,0,3,r2l
7.602,icmp,305.39,437.05,0,2,benign
4.116,tcp,282.75,282.87,0,6,benign
13.631,udp,731.39,752.13,0,13,u2r
2.819,icmp,341.69,324.56,0,4,benign
6.99,tcp,359.22,443.35,0,7,r2l
0.559,udp,24.07,25.25,0,22,dos
5.074,udp,313.72,216.52,0,9,benign
2.834,tcp,101.15,97.04,0,8,probe
5.446,udp,287.5,247.69,0,0,benign
4.755,icmp,262.21,212.1,0,4,benign
0.438,icmp,34.61,33.23,0,24,dos
0.449,icmp,248.11,167.76,0,8,benign
0.52,udp,30.6,38.76,0,20,dos
4.772,tcp,278.12,242.74,0,4,benign
9.154,tcp,298.27,309.92,0,4,benign
3.756,tcp,138.89,163.05,0,6,benign
4.18,icmp,91.33,91.68,0,6,probe
2.883,tcp,304.41,243.33,0,7,benign
3.753,udp,307.19,251.87,0,5,benign
0.122,udp,275.4,359.2,0,7,benign
3.32,udp,238.12,247.5,0,9,benign
3.001,udp,217.99,181.76,0,9,benign
0.838,tcp,25.56,30.28,0,19,dos
6.471,tcp,142.18,152.66,0,6,benign
2.481,tcp,100.77,132.72,0,6,probe
3.227,tcp,89.96,114.93,0,9,probe
6.942,tcp,309.47,245.58,0,6,benign
0.346,udp,28.58,31.69,0,16,dos
4.216,tcp,339.27,257.35,0,5,benign
6.301,icmp,198.01,291.19,0,7,benign
6.756,icmp,412.35,341.71,0,6,benign
2.673,udp,162.91,115.02,0,5,probe
4.918,udp,164.35,157.39,0,10,benign
5.932,udp,222.65,164.75,0,5,benign
5.189,icmp,306.75,458.61,0,5,benign
0.217,tcp,12.08,14.04,0,23,dos
14.616,tcp,1298.03,915.54,0,5,u2r
3.559,icmp,156.07,104.45,0,3,probe
6.991,udp,194.33,248.71,0,5,benign
18.078,icmp,855.78,941.3,0,10,u2r
4.841,tcp,153.67,115.69,0,4,probe
2.058,icmp,306.07,421.86,0,7,benign
5.339,udp,256.63,177.09,0,6,benign
7.452,icmp,399.66,392.06,0,0,benign
7.587,udp,246.1,334.34,0,14,benign
5.727,udp,135.79,163.58,0,4,benign
2.297,udp,119.88,105.62,0,7,probe
0.297,tcp,23.61,35.16,0,17,dos
7.616,icmp,284.45,389.83,0,6,benign
4.183,icmp,87.9,61.14,0,2,benign
2.017,udp,104.81,76.1,0,5,probe
4.898,udp,283.86,272.41,0,4,benign
2.63,udp,175.72,219.55,0,6,benign
6.501,udp,379.18,415.74,0,3,benign
4.61,udp,268.87,310.87,1,8,benign
0.649,tcp,20.85,14.23,0,18,dos
5.423,icmp,307.96,283.36,0,9,benign
6.938,icmp,197.14,181.23,0,3,benign
4.53,icmp,242.29,356.9,0,3,benign
4.119,udp,285.38,335.64,0,9,benign
0.7,udp,30.9,36.74,0,14,dos
5.642,tcp,222.46,223.59,0,6,benign
2.306,udp,151.55,220.94,0,5,benign
0.01,tcp,169.83,166.93,0,8,benign
5.204,icmp,115.2,168.28,0,5,benign
11.907,tcp,857.9,815.72,0,4,u2r
7.728,tcp,310.96,273.75,0,5,benign
3.111,icmp,296.9,270.94,0,1,benign
0.679,udp,25.04,26.54,0,18,dos
6.18,udp,271.16,383.89,0,11,r2l
4.361,udp,206.34,282.3,0,9,benign
4.345,udp,325.81,226.72,0,4,benign
6.02,udp,271.82,303.25,0,3,benign
8.871,udp,311.53,208.67,0,1,benign
0.83,tcp,212.98,192.1,0,5,benign
4.481,icmp,174.88,254.61,0,6,benign
2.68,tcp,91.65,65.08,0,6,probe
3.078,udp,75.76,103.38,0,7,probe
1.276,icmp,212.78,237.86,0,3,benign
25.946,udp,979.87,713.79,0,6,u2r
1.015,udp,16.75,13.46,0,21,dos
0.652,udp,28.77,23.94,0,22,dos
3.168,icmp,364.22,375.33,0,4,benign
0.527,icmp,12.37,12.55,0,17,dos
0.117,icmp,2.66,3.32,1,3,worm
2.813,tcp,175.13,211.52,0,5,benign
2.93,icmp,2.74,2.17,0,4,probe
5.391,icmp,375.75,318.81,0,4,benign
5.756,udp,363.36,250.21,0,3,benign
7.718,tcp,175.66,122.76,0,6,benign
6.647,tcp,228.85,167.33,0,7,benign
9.622,udp,1002.79,1078.71,0,6,u2r
6.817,tcp,248.13,340.42,0,7,benign
4.258,tcp,462.11,360.91,0,6,benign
4.183,icmp,221.02,276.02,0,7,benign
6.759,icmp,471.69,382.28,0,8,benign
0.756,tcp,19.2,17.84,0,23,dos
6.935,icmp,248.55,185.08,0,2,benign
0.522,tcp,12.07,11.62,0,18,dos
5.919,tcp,229.08,178.37,0,9,benign
4.736,tcp,156.92,218.32,0,5,benign
9.585,icmp,322.85,399.0,0,4,r2l
1.641,tcp,125.49,126.74,0,7,probe
3.784,tcp,115.16,137.26,0,6,probe
3.404,icmp,186.26,274.73,0,4,benign
3.215,tcp,64.25,54.83,0,7,probe
0.28,udp,5.57,6.82,0,5,worm
3.153,icmp,191.14,214.95,0,1,benign
0.537,tcp,25.24,26.55,0,23,dos
4.781,udp,195.17,236.56,0,10,benign
0.654,udp,20.11,25.36,0,27,dos
2.23,udp,94.0,73.32,0,7,probe
6.06,udp,108.76,112.5,0,6,benign
4.889,tcp,41.58,42.62,0,4,benign
0.083,tcp,6.78,8.07,0,8,worm
2.58,udp,302.37,231.22,0,2,benign
7.098,tcp,237.21,341.14,0,4,benign
5.949,udp,285.46,425.06,0,5,benign
7.943,icmp,189.8,235.98,0,4,benign
0.184,tcp,3.89,2.9,0,8,worm
4.169,icmp,301.59,254.26,0,9,benign
12.463,udp,555.58,770.18,0,4,r2l
4.206,udp,236.6,255.49,0,9,benign
11.384,udp,526.7,382.56,0,7,r2l
3.278,tcp,308.06,237.56,0,3,benign
0.66,tcp,21.72,29.9,0,14,dos
6.534,tcp,268.25,294.63,0,3,benign
3.896,udp,189.98,237.28,0,5,benign
9.781,tcp,605.21,793.67,0,4,r2l
6.218,icmp,141.62,114.17,1,8,benign
4.197,icmp,82.16,77.49,0,9,probe
10.443,icmp,559.88,739.84,0,4,r2l
3.832,icmp,291.47,200.95,0,0,benign
7.025,udp,333.86,225.41,0,10,benign
5.202,tcp,255.76,351.57,0,5,benign
6.592,icmp,241.95,188.03,0,6,benign
5.144,tcp,49.22,53.25,0,4,benign
0.832,icmp,17.38,21.35,0,17,dos
5.633,icmp,260.25,190.81,0,4,benign
0.359,udp,202.81,192.3,0,12,benign
6.033,tcp,310.86,324.14,0,4,benign
9.258,tcp,304.61,268.16,0,8,benign
3.605,tcp,215.02,184.48,0,5,benign
7.128,udp,92.51,86.86,0,6,benign
6.319,udp,371.49,316.32,0,5,benign
9.486,udp,297.71,349.78,0,5,benign
3.112,tcp,121.92,151.08,0,5,probe
3.992,tcp,246.01,217.16,0,8,benign
8.811,udp,641.21,535.64,0,5,r2l
7.381,icmp,363.48,316.04,0,4,benign
6.98,tcp,398.32,534.53,0,2,r2l
0.371,icmp,16.28,17.68,0,20,dos
3.677,udp,165.96,235.11,0,4,benign
1.918,icmp,147.75,103.35,0,3,probe
5.185,tcp,202.25,228.46,0,8,benign
6.279,tcp,317.19,242.37,0,7,benign
4.264,icmp,357.17,315.24,0,3,benign
2.374,tcp,221.44,254.39,0,1,benign
4.682,tcp,214.89,187.75,0,9,benign
0.7,icmp,17.3,12.53,0,24,dos
1.76,tcp,184.57,214.48,0,5,benign
7.355,icmp,227.12,196.95,0,7,benign
3.398,icmp,150.46,179.93,0,7,probe
7.53,icmp,144.77,132.7,1,4,benign
4.474,tcp,188.53,196.49,0,3,benign
3.814,udp,222.7,278.31,0,5,benign
0.155,icmp,6.73,6.08,0,6,worm
3.281,udp,201.08,213.91,0,6,benign
0.467,udp,7.26,7.96,1,25,dos
6.54,tcp,241.33,281.1,0,9,benign
0.086,udp,22.41,30.83,0,14,dos
4.364,tcp,259.74,288.72,0,10,benign
1.172,icmp,29.44,41.94,1,24,dos
5.81,udp,157.65,171.9,0,6,benign
0.826,icmp,35.96,45.18,1,18,dos
4.909,tcp,217.59,272.63,0,1,benign
0.857,tcp,28.37,23.94,0,12,dos
3.351,tcp,213.68,161.1,0,8,benign
2.883,icmp,204.91,155.84,0,4,benign
3.141,tcp,94.84,70.79,0,7,probe
4.178,udp,168.8,224.39,0,4,benign
0.543,icmp,21.69,27.36,0,24,dos
5.519,udp,345.85,259.82,0,4,benign
8.868,tcp,372.71,318.92,0,10,benign
7.737,tcp,322.06,275.23,0,14,benign
15.176,tcp,524.69,366.77,0,4,r2l
5.006,udp,341.29,268.61,0,5,benign
2.912,udp,207.73,256.47,0,3,benign
4.457,udp,242.88,229.2,0,2,benign
0.523,icmp,28.51,39.68,0,17,dos
0.76,udp,19.57,17.77,0,21,dos
3.4,tcp,169.99,117.46,0,4,benign
3.143,icmp,94.78,107.51,0,5,probe
5.645,udp,589.72,691.71,0,3,r2l
3.387,icmp,114.04,108.05,0,5,benign
0.12,icmp,6.61,8.79,0,6,worm
2.427,icmp,235.63,262.57,0,5,benign
5.394,udp,338.72,285.02,0,5,benign
0.731,udp,28.08,39.84,0,17,dos
5.619,udp,241.34,318.14,0,6,benign
0.346,udp,163.79,154.59,0,6,benign
0.143,udp,1.76,2.14,1,5,worm
0.186,tcp,6.59,4.6,0,3,worm
4.824,tcp,127.63,93.16,0,4,benign
3.584,udp,139.48,140.66,0,2,probe
5.565,icmp,272.34,261.93,0,8,benign
5.062,udp,351.99,276.14,0,4,benign
0.01,icmp,286.17,261.59,0,2,benign
0.342,tcp,2.41,2.92,0,4,worm
3.508,udp,310.24,269.1,0,7,benign
5.627,udp,316.6,373.27,0,4,benign
0.184,icmp,23.3,21.6,0,24,dos
2.919,tcp,372.96,311.08,0,5,benign
5.066,tcp,248.52,259.91,0,4,benign
0.38,udp,194.29,144.66,0,6,benign
9.207,tcp,466.41,508.73,0,5,r2l
0.096,udp,6.53,7.2,0,5,worm
2.427,tcp,136.63,97.69,0,7,probe
6.865,udp,217.33,260.58,0,5,benign
4.641,icmp,247.38,312.47,0,5,benign
4.973,icmp,319.07,251.49,0,5,benign
6.355,tcp,212.91,261.02,0,4,benign
1.518,udp,114.82,110.35,0,2,probe
0.74,icmp,31.44,33.99,1,17,dos
6.743,icmp,277.67,295.13,0,1,benign
5.28,tcp,204.76,185.13,0,12,benign
10.188,tcp,897.23,856.64,0,2,u2r
0.856,tcp,39.91,53.05,1,22,dos
0.582,tcp,26.9,19.69,0,20,dos
0.16,udp,6.87,6.95,0,7,worm
2.696,tcp,174.84,228.74,0,4,benign
6.61,tcp,188.68,218.33,0,4,benign
0.551,icmp,28.63,21.5,0,19,dos
6.565,icmp,154.37,166.76,0,3,benign
2.782,tcp,204.97,142.01,0,9,probe
0.01,icmp,22.48,21.94,0,18,dos
4.439,udp,153.4,166.67,0,5,benign
8.995,udp,215.46,146.98,0,4,benign
3.451,udp,336.34,293.62,0,4,benign
12.541,udp,600.85,622.1,0,5,u2r
2.732,tcp,150.73,184.61,0,9,probe
4.114,icmp,236.44,199.65,0,6,benign
7.311,tcp,201.06,137.1,0,3,benign
7.006,udp,297.84,272.11,0,7,benign
0.457,icmp,22.51,16.65,0,20,dos
5.856,tcp,304.86,363.41,0,2,benign
6.556,icmp,249.74,197.28,0,5,benign
2.464,udp,163.76,177.8,0,4,benign
0.408,icmp,18.76,16.72,0,20,dos
3.854,udp,89.0,116.1,0,7,probe
0.445,icmp,282.58,266.08,0,3,r2l
0.613,udp,12.13,15.71,0,19,dos
2.828,udp,227.51,181.36,0,3,benign
0.804,tcp,24.02,20.47,1,22,dos
16.185,udp,1083.78,980.45,0,3,u2r
7.281,tcp,210.56,191.21,0,1,benign
6.28,icmp,241.59,206.87,0,4,benign
0.53,icmp,267.55,209.42,0,6,benign
7.598,udp,214.33,207.34,0,5,benign
0.624,udp,24.8,28.36,0,20,dos
8.571,tcp,224.74,188.9,0,2,benign
5.892,icmp,308.17,295.12,0,4,benign
4.322,udp,301.76,218.01,0,7,benign
3.431,udp,65.41,68.36,0,4,probe
0.824,udp,43.32,34.33,0,20,dos
0.019,tcp,8.42,8.28,0,5,worm
9.37,tcp,733.38,557.28,0,11,r2l
2.538,tcp,86.57,93.76,0,5,probe
4.93,udp,59.69,72.86,0,3,probe
4.618,tcp,91.74,95.95,0,4,probe
7.226,tcp,570.57,609.75,0,6,r2l
1.634,tcp,339.67,337.1,0,3,benign
7.554,icmp,217.31,287.36,0,6,benign
0.183,udp,374.35,290.59,0,5,r2l
3.09,icmp,218.63,295.2,0,6,benign
4.776,tcp,165.16,114.22,0,6,probe
3.611,tcp,379.31,482.38,0,6,benign
6.11,icmp,266.1,259.58,0,7,benign
4.151,icmp,302.12,353.77,0,3,benign
0.666,icmp,42.84,33.82,0,18,dos
4.027,tcp,228.39,251.51,0,6,benign
4.891,icmp,318.01,230.72,0,6,benign
7.866,icmp,306.49,326.91,0,6,benign
0.687,icmp,92.68,129.75,0,2,probe
6.84,tcp,303.72,393.69,0,3,r2l
0.544,udp,31.34,43.95,0,16,dos
4.674,udp,125.61,130.43,0,6,probe
0.384,udp,30.26,23.25,0,19,dos
0.869,udp,26.53,32.97,0,25,dos
3.74,tcp,231.88,313.29,0,2,benign
0.529,tcp,42.21,40.42,0,14,dos
10.946,udp,972.69,1277.67,0,3,u2r
5.023,tcp,232.52,225.18,0,8,benign
0.722,tcp,23.6,20.92,0,20,dos
7.426,icmp,133.05,133.44,0,5,benign
7.269,tcp,504.1,337.45,0,6,r2l
0.14,tcp,38.05,27.72,0,23,dos
6.615,udp,425.38,604.44,0,7,r2l
4.468,icmp,149.75,163.11,0,3,benign
6.71,tcp,160.07,149.15,0,5,benign
6.413,udp,15.02,15.2,0,11,benign
6.382,udp,237.41,179.31,0,7,benign
2.14,udp,54.26,43.4,0,2,probe
3.006,udp,226.16,175.37,0,2,benign
5.54,tcp,354.95,298.28,0,5,benign
5.979,udp,480.57,597.12,0,7,r2l
4.783,icmp,224.97,279.25,0,2,benign
3.356,udp,207.17,166.62,0,3,benign
5.366,tcp,189.54,163.29,0,2,benign
4.362,icmp,96.48,104.37,0,6,probe
5.359,icmp,488.11,488.87,0,6,benign
0.137,icmp,26.65,33.2,0,22,dos
3.795,icmp,232.96,277.97,0,2,benign
7.381,icmp,451.73,501.83,0,8,benign
7.132,udp,369.83,396.68,0,7,benign
5.825,tcp,179.57,194.29,0,4,benign
4.118,icmp,61.59,45.99,0,2,probe
2.178,icmp,135.13,183.55,0,4,probe
0.208,icmp,27.59,27.89,0,19,dos
6.904,udp,88.26,120.93,0,5,benign
6.02,icmp,254.27,202.61,0,6,benign
3.897,udp,45.27,32.53,0,4,probe
7.498,udp,266.96,190.54,0,4,benign
0.925,icmp,302.09,328.14,0,6,benign
15.453,udp,991.12,675.81,0,8,u2r
3.147,icmp,298.17,257.28,0,3,benign
2.865,udp,372.04,411.53,0,5,benign
0.547,udp,30.33,38.38,1,26,dos
12.878,udp,565.18,666.55,0,6,r2l
4.51,tcp,192.44,173.83,0,3,benign
1.318,icmp,70.75,82.4,0,6,probe
0.105,tcp,25.9,22.96,0,22,dos
4.935,icmp,376.74,352.21,0,4,benign
7.857,icmp,566.54,451.16,0,4,r2l
7.05,udp,206.69,172.3,0,5,benign
0.01,icmp,233.6,330.42,0,3,benign
5.139,tcp,421.72,297.55,0,8,benign
5.129,icmp,274.02,295.09,0,5,benign
6.845,tcp,200.88,299.95,0,5,benign
2.409,udp,245.73,203.2,0,4,benign
5.733,icmp,325.11,335.77,0,5,benign
6.076,icmp,265.64,228.52,0,3,benign
5.77,udp,219.92,187.13,0,3,benign
5.896,icmp,200.78,188.86,0,5,benign
2.851,icmp,69.47,98.69,0,5,probe
0.466,icmp,24.99,23.35,0,28,dos
5.113,udp,275.42,410.41,0,3,benign
5.307,icmp,118.66,130.79,0,6,probe
0.904,icmp,46.11,41.1,0,22,dos
6.524,tcp,291.06,219.06,0,3,benign
3.325,icmp,310.21,220.27,0,6,benign
4.352,tcp,194.85,235.32,0,10,benign
0.834,udp,37.74,36.33,0,21,dos
0.694,icmp,23.43,32.52,0,14,dos
2.744,tcp,319.0,299.93,0,4,benign
0.58,icmp,18.61,16.46,0,17,dos
4.904,icmp,570.19,468.21,0,3,r2l
8.09,tcp,324.28,400.48,0,7,benign
6.487,icmp,390.56,298.4,0,3,benign
7.947,udp,164.1,137.24,0,7,benign
5.936,udp,334.21,470.35,0,12,benign
5.103,tcp,266.01,205.68,0,6,benign
0.461,icmp,24.39,32.86,0,24,dos
5.607,icmp,395.2,337.84,0,9,benign
5.285,udp,336.48,353.66,0,8,benign
1.532,udp,41.95,43.08,0,3,probe
0.105,icmp,7.88,6.52,0,7,worm
3.099,udp,235.07,215.09,0,6,benign
0.01,tcp,19.63,29.27,0,18,dos
4.931,udp,336.06,226.25,0,3,benign
5.657,udp,298.06,208.92,0,7,benign
2.755,icmp,44.09,50.76,0,2,probe
2.551,udp,257.46,264.78,0,6,benign
5.815,icmp,286.69,268.95,0,5,benign
0.275,icmp,12.49,18.67,0,21,dos
0.831,udp,272.85,391.57,0,5,benign
5.191,udp,292.53,391.56,0,9,benign
13.593,tcp,1088.5,1234.08,0,2,u2r
0.142,tcp,12.73,13.03,0,24,dos
4.498,icmp,216.45,285.08,0,7,benign
0.705,udp,269.75,394.85,0,3,benign
7.077,tcp,208.24,241.79,0,7,benign
3.06,tcp,208.9,182.0,0,1,benign
5.366,udp,244.32,348.86,0,4,benign
0.641,icmp,37.44,51.46,1,21,dos
0.411,tcp,22.2,17.47,0,20,dos
6.651,icmp,243.89,240.36,0,4,benign
5.316,tcp,216.25,216.82,0,4,benign
8.817,tcp,654.39,859.66,0,9,u2r
0.262,icmp,3.11,2.29,0,1,worm
7.802,tcp,366.39,267.12,0,6,benign
5.908,tcp,278.34,349.11,0,5,benign
0.01,tcp,15.18,16.4,0,18,dos
1.766,tcp,325.48,259.48,0,6,benign
8.643,icmp,388.16,381.99,0,3,benign
6.508,icmp,201.17,209.62,0,4,benign
2.827,icmp,283.79,307.86,0,5,benign
13.895,tcp,434.64,605.36,0,3,u2r
6.065,icmp,375.3,383.28,0,6,r2l
3.79,icmp,48.31,66.76,0,3,probe
7.049,udp,275.0,308.9,0,10,benign
8.172,udp,255.81,171.97,0,3,benign
0.135,tcp,4.88,6.48,0,8,worm
0.487,udp,42.18,29.88,0,20,dos
3.756,icmp,136.95,120.32,0,10,benign
10.437,udp,363.09,298.15,0,8,r2l
4.564,udp,173.86,182.37,0,2,benign
8.295,tcp,348.63,316.25,0,4,benign
0.297,tcp,0.41,0.59,0,2,worm
7.582,udp,349.42,353.23,0,10,benign
3.743,udp,321.58,421.95,0,5,benign
10.881,udp,613.52,478.13,1,7,r2l
0.46,udp,23.28,21.98,0,28,dos
6.319,icmp,625.34,633.5,0,5,r2l
3.179,tcp,272.82,200.39,0,7,benign
13.894,udp,999.63,714.11,0,7,u2r
1.018,icmp,41.39,54.94,0,17,dos
6.862,udp,237.55,207.45,0,8,benign
0.915,tcp,33.3,25.44,0,16,dos
3.397,icmp,200.59,156.37,0,3,benign
8.262,tcp,492.79,350.33,0,2,r2l
3.433,udp,143.62,200.83,0,4,benign
2.289,tcp,83.1,65.68,0,6,probe
4.828,tcp,296.45,364.91,0,3,benign
3.676,icmp,141.34,192.34,0,5,benign
0.128,icmp,5.5,6.34,0,6,worm
0.01,icmp,326.93,223.51,0,7,benign
9.616,udp,457.59,671.96,0,6,r2l
6.975,icmp,94.55,69.91,0,1,benign
0.317,icmp,21.0,28.55,0,23,dos
0.771,icmp,35.48,31.69,0,21,dos
15.955,tcp,930.92,1361.58,0,5,u2r
0.692,tcp,22.96,25.24,0,19,dos
4.57,tcp,216.43,193.57,0,6,benign
2.28,icmp,122.71,126.8,0,2,probe
5.024,tcp,277.84,385.73,0,7,benign
3.963,icmp,256.2,204.61,0,5,benign
5.733,tcp,224.1,280.57,0,4,benign
3.668,icmp,221.04,234.03,0,2,benign
7.401,udp,301.05,304.4,0,7,benign
2.676,udp,245.53,244.91,0,6,benign
6.501,tcp,421.74,418.32,0,7,r2l
2.848,udp,153.83,121.67,0,3,benign
5.022,icmp,261.83,249.41,0,7,benign
5.439,tcp,153.63,121.66,0,7,benign
6.677,tcp,163.78,239.49,0,5,benign
4.623,icmp,221.11,290.12,0,4,benign
5.698,icmp,251.63,354.0,0,4,benign
6.229,udp,239.63,345.08,0,6,benign
3.299,tcp,89.03,120.57,0,11,probe
12.239,icmp,757.77,551.12,0,5,u2r
6.609,udp,270.35,235.33,0,1,benign
0.8,udp,41.91,31.11,0,27,dos
4.457,tcp,265.03,318.74,0,9,benign
10.508,tcp,547.0,442.15,0,12,r2l
2.349,tcp,97.97,138.09,0,3,probe
0.036,icmp,39.71,29.65,0,31,dos
4.954,icmp,170.45,227.54,0,5,benign
2.918,icmp,97.27,91.39,0,4,probe
16.001,tcp,503.49,373.96,0,2,r2l
0.977,udp,18.22,19.24,0,16,dos
7.764,udp,273.57,388.84,0,7,r2l
2.487,udp,91.4,92.3,0,6,probe
0.25,udp,23.13,28.81,0,23,dos
0.762,icmp,21.85,28.2,0,26,dos
3.739,icmp,576.66,388.42,0,8,r2l
0.213,tcp,40.56,52.73,0,19,dos
4.866,udp,257.35,252.27,0,6,benign
1.683,tcp,123.26,117.9,0,5,benign
6.631,icmp,204.16,257.67,0,4,benign
4.812,udp,141.32,110.95,0,8,benign
2.778,icmp,243.86,319.84,0,6,benign
5.787,tcp,185.65,235.0,0,6,benign
20.332,tcp,700.05,765.78,0,7,u2r
8.488,icmp,213.85,260.03,0,2,benign
2.744,udp,231.86,241.46,0,6,benign
0.295,tcp,34.55,31.98,0,32,dos
22.843,icmp,1129.9,1242.81,0,3,u2r
0.515,tcp,36.19,33.58,0,20,dos
4.028,tcp,113.29,88.34,0,7,benign
6.894,icmp,867.35,691.77,0,8,r2l
0.21,tcp,28.98,23.01,0,12,dos
0.083,udp,1.53,1.07,0,6,worm
3.402,icmp,235.9,183.17,0,7,benign
1.102,udp,28.36,37.83,0,17,dos
4.132,udp,126.18,173.43,0,7,benign
7.143,tcp,273.11,237.48,0,6,benign
6.127,icmp,222.88,270.83,0,11,benign
5.794,tcp,302.22,266.76,0,4,benign
5.078,tcp,282.08,210.43,0,1,benign
0.01,icmp,17.73,19.25,0,17,dos
3.8,tcp,97.25,111.29,0,4,probe
4.059,udp,222.88,209.45,0,5,benign
4.939,udp,251.68,218.33,0,6,benign
0.623,tcp,31.05,29.64,0,28,dos
2.813,udp,229.79,219.59,0,6,benign
0.563,tcp,12.77,17.05,0,18,dos
3.24,icmp,755.78,767.61,0,4,r2l
5.672,icmp,284.54,411.65,0,4,benign
4.013,icmp,204.7,221.82,0,6,benign
0.01,icmp,30.73,32.16,0,26,dos
3.112,tcp,149.56,128.41,0,6,benign
5.123,tcp,305.2,402.23,0,6,benign
5.662,icmp,226.99,339.0,0,3,benign
6.0,tcp,139.73,209.51,0,8,benign
7.923,tcp,177.04,145.87,0,6,benign
0.561,tcp,23.12,26.53,0,14,dos
0.501,tcp,25.68,37.83,0,15,dos
1.258,tcp,133.18,192.54,0,2,benign
4.572,icmp,328.0,344.63,0,1,benign
2.44,tcp,293.28,345.85,0,2,benign
10.052,icmp,793.95,943.06,0,7,u2r
0.638,udp,25.15,37.07,0,17,dos
0.266,tcp,20.24,26.43,0,17,dos
0.596,tcp,18.09,23.45,0,14,dos
4.057,icmp,299.11,352.25,0,3,benign
0.091,tcp,8.39,7.18,0,8,worm
2.236,icmp,382.83,398.74,0,2,benign
11.754,icmp,784.03,617.56,0,11,r2l
5.522,udp,309.93,235.63,0,4,benign
5.324,udp,188.89,241.72,0,3,benign
3.17,tcp,206.99,190.18,0,4,benign
0.336,udp,26.55,23.19,1,19,dos
0.439,icmp,353.04,287.23,0,3,benign
5.904,icmp,456.26,401.32,0,8,benign
11.057,udp,368.07,302.53,0,4,r2l
9.075,icmp,323.11,319.14,0,6,r2l
5.276,tcp,320.35,254.23,0,5,benign
4.034,udp,153.36,210.43,0,8,benign
0.391,udp,35.39,34.24,0,22,dos
5.141,tcp,226.55,191.5,0,3,benign
6.006,icmp,630.9,471.52,0,9,r2l
1.856,tcp,252.75,335.04,0,9,benign
6.654,udp,247.52,286.9,0,5,benign
4.671,tcp,160.32,235.88,0,7,benign
7.255,tcp,297.63,239.44,0,5,benign
2.204,udp,190.97,186.29,1,2,benign
1.399,icmp,362.95,264.38,0,3,benign
5.609,udp,362.0,252.61,0,5,benign
0.793,tcp,0.59,0.41,0,13,dos
4.718,tcp,210.25,272.67,0,2,benign
4.082,tcp,462.11,431.86,0,7,benign
0.251,tcp,20.25,16.33,0,21,dos
3.411,icmp,385.71,305.76,0,3,benign
3.585,icmp,363.81,266.14,0,4,benign
4.488,udp,191.48,159.31,0,3,benign
17.506,tcp,787.32,734.95,0,7,u2r
3.755,udp,204.62,185.09,0,4,benign
1.134,tcp,100.21,88.44,0,4,probe
6.21,icmp,153.06,168.71,0,9,benign
2.72,icmp,473.62,411.93,0,11,benign
4.965,tcp,301.67,258.69,0,5,benign
4.171,tcp,243.21,297.79,0,5,benign
5.326,udp,428.94,441.83,0,5,benign
2.779,tcp,209.46,179.46,0,4,benign
2.801,udp,381.19,270.43,0,3,benign
9.081,udp,1176.81,1270.94,0,4,u2r
1.748,udp,139.82,195.35,0,4,benign
0.125,tcp,17.6,21.79,0,19,dos
0.27,icmp,5.47,3.75,0,7,worm
4.795,udp,457.65,360.36,1,4,benign
5.781,udp,107.67,158.27,0,2,benign
4.143,udp,238.33,236.11,0,7,benign
0.197,icmp,5.98,4.67,0,4,worm
2.327,icmp,94.12,97.15,0,1,probe
2.597,icmp,161.18,195.05,0,9,probe
6.48,tcp,295.92,249.54,0,3,benign
1.083,icmp,293.3,266.97,0,1,benign
15.598,tcp,904.45,906.17,0,7,u2r
6.881,tcp,204.28,305.94,0,10,benign
4.52,tcp,360.68,344.98,0,5,benign
0.393,tcp,27.08,37.29,1,14,dos
3.225,udp,275.49,267.61,0,4,benign
9.016,udp,341.87,453.71,0,5,r2l
0.329,tcp,7.72,7.13,0,7,worm
1.205,icmp,54.2,48.96,0,5,probe
7.265,tcp,239.73,174.57,0,4,r2l
3.412,udp,292.24,271.68,0,5,benign
3.832,udp,83.62,80.58,0,5,probe
6.739,tcp,537.41,486.61,0,5,r2l
2.395,icmp,495.13,623.42,0,5,r2l
3.922,udp,353.03,287.6,0,5,benign
7.283,udp,166.95,198.44,0,3,benign
9.5,udp,1393.75,1027.06,0,6,u2r
3.076,tcp,122.2,91.47,0,4,probe
2.698,tcp,321.16,358.8,0,9,benign
0.796,tcp,41.45,28.82,0,16,dos
19.877,udp,1284.65,1418.19,0,5,u2r
8.14,udp,183.25,241.5,0,6,benign
0.511,icmp,22.03,27.26,0,30,dos
7.815,tcp,338.23,336.29,0,3,benign
0.2,tcp,21.34,24.91,0,19,dos
6.753,udp,425.74,303.55,0,9,benign
0.16,udp,40.87,29.57,0,22,dos
0.416,icmp,28.71,19.6,0,29,dos
5.605,udp,287.97,237.04,0,9,benign
4.079,tcp,52.63,38.78,0,2,probe
5.95,udp,205.64,259.16,0,3,benign
11.018,icmp,384.67,574.96,0,2,r2l
2.853,icmp,279.48,247.15,0,5,benign
0.282,icmp,36.43,25.03,0,27,dos
3.652,udp,220.64,240.76,0,6,benign
5.107,tcp,180.25,194.45,0,6,benign
1.058,udp,2.52,3.11,0,17,dos
0.795,udp,41.69,37.01,0,18,dos
6.266,icmp,351.81,329.02,0,5,benign
5.548,tcp,336.01,273.95,0,4,benign
4.793,udp,82.53,123.45,0,6,probe
0.966,tcp,32.84,48.24,0,22,dos
0.211,icmp,26.57,31.77,0,20,dos
0.293,udp,13.61,14.17,0,31,dos
0.858,icmp,20.53,23.77,0,25,dos
3.745,icmp,343.73,374.99,0,2,benign
0.034,icmp,10.06,11.3,0,20,dos
7.759,icmp,338.72,446.15,0,9,r2l
7.927,icmp,206.58,287.01,0,8,benign
1.972,tcp,137.15,178.3,0,3,probe
0.01,icmp,180.93,144.87,0,3,benign
0.549,udp,26.18,18.0,0,23,dos
2.661,tcp,97.91,78.45,0,6,benign
4.765,icmp,258.4,276.25,0,4,benign
4.592,tcp,203.6,205.58,0,2,benign
5.749,icmp,217.21,161.91,0,4,benign
0.63,icmp,32.21,24.61,0,18,dos
0.316,tcp,6.74,6.84,0,5,worm
9.022,udp,280.04,236.49,0,10,benign
6.946,udp,857.93,781.23,0,5,r2l
6.479,tcp,212.81,279.24,0,4,benign
7.0,icmp,299.74,232.59,0,3,benign
6.499,tcp,233.49,262.04,0,3,benign
0.874,icmp,238.26,226.88,0,8,benign
3.744,tcp,343.07,329.24,0,3,benign
0.695,udp,45.77,40.18,2,17,dos
1.514,icmp,0.42,0.58,0,6,probe
21.988,udp,519.99,710.59,0,6,u2r
0.187,udp,11.75,12.8,0,20,dos
4.341,tcp,79.98,94.95,0,4,probe
5.125,udp,252.88,367.62,0,6,benign
6.157,tcp,140.22,117.6,0,4,benign
5.783,tcp,357.4,250.93,0,6,benign
0.265,tcp,6.02,7.63,0,5,worm
4.521,tcp,217.94,232.84,0,4,benign
1.625,icmp,377.76,396.17,0,9,benign
3.291,tcp,173.61,128.03,0,7,probe
5.843,udp,406.66,349.24,0,8,benign
4.523,tcp,287.79,258.28,0,3,benign
4.629,tcp,75.8,97.9,0,6,probe
9.36,tcp,375.82,493.66,0,10,r2l
0.542,tcp,53.34,37.95,0,13,dos
5.487,icmp,149.95,131.86,0,3,benign
4.998,tcp,243.03,343.13,0,5,benign
5.314,icmp,265.85,247.13,0,8,benign
7.087,udp,212.3,191.14,0,5,benign
4.687,tcp,93.05,108.77,0,6,benign
6.885,tcp,254.22,369.11,0,3,benign
10.535,icmp,249.22,370.14,0,5,benign
1.553,udp,216.81,174.14,0,5,benign
0.631,udp,7.0,5.81,0,14,dos
5.901,icmp,195.25,207.91,0,7,benign
5.574,tcp,175.52,217.05,0,7,benign
7.162,tcp,102.75,149.57,0,3,benign
7.707,tcp,402.26,282.0,0,4,benign
5.238,udp,164.38,170.38,0,6,benign
3.549,icmp,165.92,215.5,0,7,benign
2.716,icmp,252.93,213.65,0,6,benign
6.474,udp,143.75,135.56,0,0,benign
5.84,udp,301.18,279.91,0,5,benign
7.706,icmp,319.6,240.75,0,3,benign
16.51,tcp,965.74,990.11,0,4,u2r
4.528,icmp,230.75,242.53,0,11,benign
0.478,tcp,19.33,25.4,0,23,dos
4.262,tcp,96.42,79.3,0,0,probe
6.463,tcp,196.72,290.78,0,6,benign
0.01,tcp,21.41,21.1,0,24,dos
4.817,tcp,357.27,259.83,0,7,benign
5.018,tcp,102.56,139.45,0,6,probe
0.729,udp,13.18,11.01,0,20,dos
4.657,tcp,182.23,223.67,0,6,benign
3.002,tcp,271.39,277.75,0,6,benign
4.85,udp,296.48,260.95,1,6,benign
8.589,icmp,217.35,236.91,0,4,benign
6.452,icmp,207.29,308.69,0,3,benign
2.364,udp,125.71,119.27,0,2,probe
0.15,tcp,21.52,31.47,0,15,dos
2.03,tcp,183.03,174.82,0,9,benign
7.048,tcp,313.84,262.42,0,3,benign
4.623,icmp,92.3,104.96,0,3,benign
6.638,icmp,300.72,223.42,0,5,benign
5.498,icmp,282.9,279.13,0,10,benign
4.879,icmp,305.75,256.54,0,4,benign
0.202,icmp,2.24,1.91,0,4,worm
3.634,udp,261.39,267.07,0,5,benign
5.317,udp,99.22,141.98,0,3,benign
3.274,tcp,313.38,251.69,0,7,benign
6.131,tcp,259.59,236.1,0,9,benign
8.224,udp,602.19,663.68,0,2,r2l
6.449,icmp,184.48,242.0,0,5,benign
1.816,tcp,171.93,166.15,0,6,probe
15.127,tcp,1167.55,797.47,0,6,u2r
1.8,icmp,301.21,381.99,0,5,benign
0.401,tcp,26.96,20.94,0,18,dos
5.718,udp,382.04,361.68,0,6,benign
0.149,tcp,2.76,2.57,0,4,worm
7.415,tcp,78.81,68.7,0,4,benign
0.537,udp,43.64,31.11,0,19,dos
9.655,udp,179.47,229.29,0,15,benign
4.06,icmp,177.94,245.11,0,6,benign
8.776,tcp,432.82,480.49,0,5,r2l
11.644,udp,665.4,809.37,0,7,r2l
2.833,icmp,161.51,158.29,0,6,probe
4.375,icmp,273.05,209.6,0,5,benign
5.704,udp,210.07,183.98,0,7,benign
0.384,icmp,39.6,31.09,0,16,dos
0.098,tcp,27.33,30.88,0,30,dos
0.256,tcp,10.87,7.63,0,3,worm
5.369,icmp,157.86,124.88,0,2,benign
5.176,tcp,259.06,305.25,0,4,benign
0.158,udp,3.93,5.52,0,2,worm
11.172,udp,657.72,632.65,0,6,r2l
6.009,tcp,227.58,270.46,0,4,benign
5.878,icmp,290.43,197.4,1,1,benign
6.565,icmp,145.81,113.25,0,3,benign
3.48,icmp,253.21,335.43,0,2,benign
0.451,udp,27.62,19.24,0,25,dos
2.106,tcp,145.81,196.93,0,6,benign
2.029,udp,242.94,347.29,0,2,benign
5.9,icmp,290.29,232.44,0,3,benign
4.524,udp,225.81,290.31,0,5,benign
10.566,tcp,115.89,148.78,0,3,r2l
5.589,icmp,141.89,189.49,0,4,benign
5.205,udp,329.17,270.21,0,7,benign
1.062,tcp,23.52,26.52,0,21,dos
6.13,udp,285.92,195.97,0,4,benign
7.051,tcp,202.56,289.73,0,5,benign
3.248,tcp,288.45,404.13,0,9,benign
4.974,icmp,314.98,250.67,0,6,benign
13.862,udp,553.06,561.17,0,8,r2l
3.065,udp,73.94,74.97,0,6,probe
5.181,icmp,290.04,248.22,0,5,benign
2.007,icmp,297.25,339.44,0,4,benign
5.814,udp,460.93,498.61,0,6,r2l
0.361,icmp,532.68,485.42,0,4,benign
3.933,udp,219.44,191.21,0,7,benign
11.358,udp,284.9,201.0,0,6,benign
4.784,tcp,199.96,276.34,0,2,benign
2.299,icmp,282.65,306.04,0,10,benign
5.044,tcp,215.11,261.91,0,4,benign
4.716,icmp,152.72,125.68,0,7,benign
6.881,icmp,124.12,143.71,0,3,benign
3.808,tcp,74.56,75.47,0,3,probe
8.874,tcp,127.06,88.55,0,8,benign
2.396,tcp,242.85,187.77,0,3,benign
1.238,icmp,270.19,289.09,0,3,benign
3.355,icmp,252.05,296.0,0,3,benign
7.264,udp,165.17,240.57,0,6,benign
3.333,udp,229.37,280.49,0,7,benign
1.485,tcp,239.21,299.72,0,6,benign
2.626,tcp,153.12,147.13,0,6,benign
1.313,tcp,228.71,297.88,0,5,benign
0.541,icmp,15.03,21.48,0,18,dos
4.633,tcp,354.92,321.43,0,4,benign
0.01,tcp,17.93,24.5,0,24,dos
0.798,icmp,19.56,20.85,0,16,dos
8.365,icmp,136.12,165.28,0,10,benign
7.716,icmp,236.92,291.52,0,4,benign
5.077,icmp,938.82,770.66,0,5,u2r
0.233,icmp,254.97,248.29,0,2,benign
4.773,tcp,188.07,192.39,0,6,benign
13.786,tcp,477.42,523.12,0,6,r2l
3.65,tcp,268.51,238.01,0,4,benign
0.552,udp,26.41,30.01,1,17,dos
3.23,icmp,59.83,59.71,0,5,probe
16.072,icmp,766.09,760.48,0,1,u2r
4.295,tcp,469.87,318.67,0,3,benign
6.54,tcp,176.46,230.51,0,5,benign
0.307,icmp,31.63,39.74,0,16,dos
3.445,udp,462.45,466.17,0,6,benign
7.784,icmp,370.4,299.78,0,7,benign
14.553,tcp,939.46,1226.07,0,2,u2r
5.655,udp,290.39,280.66,0,5,benign
2.475,udp,127.98,115.0,0,7,probe
2.857,tcp,164.19,190.33,0,5,benign
3.801,udp,67.71,72.14,0,2,probe
6.355,udp,221.99,184.39,0,3,benign
4.273,udp,339.44,236.11,0,7,benign
10.426,tcp,297.5,395.86,0,1,r2l
5.631,udp,188.13,150.57,0,4,benign
4.303,icmp,299.32,239.15,0,6,benign
2.156,icmp,306.29,277.32,0,5,benign
0.78,tcp,29.59,38.47,0,24,dos
0.01,udp,28.25,23.45,0,19,dos
5.714,tcp,239.49,344.0,0,6,benign
1.849,udp,195.11,265.67,0,6,benign
1.214,icmp,285.4,236.83,0,7,benign
9.548,icmp,404.7,283.75,0,4,r2l
7.18,tcp,550.02,652.71,0,6,r2l
2.428,icmp,276.21,229.64,0,4,benign
0.95,udp,35.79,26.73,1,25,dos
7.483,tcp,355.12,271.38,0,1,r2l
0.516,tcp,16.87,16.58,0,21,dos
10.815,icmp,369.08,447.38,0,5,r2l
4.485,icmp,317.35,213.45,0,3,benign
7.727,icmp,239.63,293.58,1,5,benign
4.762,udp,281.56,209.62,0,4,benign
4.75,icmp,296.5,276.36,0,6,benign
0.422,tcp,50.36,36.16,0,22,dos
5.386,tcp,342.92,379.34,0,4,benign
4.55,udp,140.43,118.96,0,10,probe
4.115,tcp,435.94,299.29,0,11,benign
3.722,udp,142.24,187.01,0,3,benign
6.159,tcp,268.25,267.35,0,5,benign
6.728,tcp,309.42,331.5,0,4,benign
1.357,icmp,172.74,254.19,0,6,benign
3.801,tcp,337.87,277.06,0,13,benign
6.166,icmp,205.38,291.95,0,6,benign
0.01,tcp,24.64,22.35,0,26,dos
3.012,icmp,0.44,0.56,0,3,probe
3.337,udp,343.38,348.81,0,2,benign
1.835,udp,132.72,93.32,0,4,probe
6.395,tcp,192.08,166.18,0,6,benign
3.43,icmp,323.78,311.73,0,3,benign
10.145,icmp,173.42,215.53,0,11,benign
3.869,icmp,159.02,126.55,0,6,benign
4.139,udp,201.15,248.97,0,7,benign
2.934,icmp,415.2,559.6,0,5,r2l
0.3,icmp,33.65,28.5,0,16,dos
5.618,tcp,189.57,186.15,0,9,benign
4.617,icmp,115.48,146.68,0,5,benign
1.558,udp,70.86,58.76,0,5,probe
0.165,tcp,26.15,24.12,0,21,dos
3.447,icmp,85.41,59.72,0,9,probe
6.593,tcp,226.08,324.86,0,6,benign
5.545,icmp,337.99,241.01,0,7,benign
3.405,udp,107.2,95.91,1,6,probe
1.769,udp,232.28,269.15,0,4,benign
4.481,icmp,585.79,554.75,0,6,r2l
5.399,tcp,437.77,301.13,0,5,benign
0.513,icmp,8.19,8.88,0,18,dos
5.96,tcp,334.13,427.41,0,6,benign
2.323,icmp,289.13,234.08,0,4,benign
5.845,icmp,191.89,174.83,0,4,benign
1.929,icmp,256.75,291.41,0,5,benign
0.182,udp,3.89,3.32,0,2,worm
7.499,tcp,244.89,188.49,0,6,benign
5.065,tcp,261.32,356.44,0,7,benign
2.352,udp,93.31,87.85,0,5,probe
3.508,icmp,114.21,162.44,0,1,probe
2.989,icmp,177.01,124.91,0,3,probe
4.492,tcp,132.8,162.39,0,6,probe
12.483,icmp,540.73,621.79,0,1,r2l
6.426,icmp,263.78,295.2,0,4,benign
3.494,tcp,124.13,114.3,0,6,probe
0.013,udp,22.69,25.89,0,25,dos
0.358,udp,14.49,18.47,0,27,dos
6.941,tcp,258.15,272.2,0,4,benign
0.551,icmp,30.03,20.18,0,16,dos
6.676,udp,330.57,329.28,0,4,benign
9.242,udp,163.57,236.08,0,7,benign
5.845,udp,274.57,264.94,0,2,benign
0.373,tcp,16.92,15.2,0,18,dos
12.72,icmp,385.87,443.69,0,3,r2l
3.546,udp,363.97,274.64,0,5,r2l
6.761,udp,338.51,320.34,0,5,r2l
2.85,tcp,130.52,190.7,0,8,benign
3.679,udp,191.73,231.71,0,6,benign
5.435,udp,296.48,206.0,0,7,benign
4.179,icmp,175.7,257.12,0,3,benign
6.484,icmp,107.7,126.62,0,5,benign
4.873,tcp,388.15,355.94,0,5,benign
3.382,udp,239.1,211.69,0,4,benign
3.106,tcp,99.87,99.93,0,9,probe
3.406,tcp,263.6,308.75,0,3,benign
0.253,udp,32.73,40.74,0,13,dos
0.395,tcp,32.43,24.27,0,18,dos
5.014,icmp,323.33,292.32,0,2,benign
4.231,tcp,201.72,187.64,0,3,benign
0.516,icmp,13.6,17.87,0,17,dos
5.553,udp,124.14,143.48,0,8,benign
3.692,tcp,264.56,317.31,0,8,benign
10.618,icmp,233.44,194.42,0,3,benign
3.428,udp,151.25,132.93,0,4,benign
7.344,icmp,409.43,560.03,0,6,r2l
1.954,icmp,55.79,64.49,0,6,probe
8.458,tcp,245.49,188.59,0,3,benign
7.494,tcp,182.66,212.55,0,5,benign
2.366,udp,96.9,113.22,0,4,benign
2.657,tcp,251.63,276.24,0,2,benign
2.093,icmp,283.97,372.7,0,3,benign
0.259,icmp,14.85,18.64,0,27,dos
5.774,udp,181.11,223.11,0,3,benign
6.289,icmp,210.7,201.43,0,3,benign
1.873,udp,357.04,258.33,0,6,benign
18.232,udp,1048.94,1081.03,0,5,u2r
5.205,udp,205.62,293.93,0,3,benign
3.234,icmp,76.79,62.31,0,4,probe
3.829,icmp,312.3,210.4,0,7,benign
6.923,udp,426.01,504.21,0,5,r2l
6.926,udp,304.16,253.1,1,1,benign
5.564,tcp,400.07,377.86,0,3,benign
6.278,icmp,160.53,212.3,0,5,benign
4.096,udp,230.45,230.86,0,10,benign
6.042,udp,146.8,125.84,0,8,benign
1.797,udp,253.46,235.52,0,7,benign
8.004,icmp,345.14,395.73,0,3,r2l
3.307,udp,231.87,275.12,0,6,benign
4.966,tcp,149.61,173.73,0,5,benign
13.415,icmp,571.63,779.72,0,8,r2l
2.665,icmp,84.59,78.22,0,5,probe
3.628,icmp,120.84,127.29,0,5,probe
2.831,udp,115.66,107.73,0,2,benign
5.074,tcp,333.82,251.71,0,3,benign
0.299,udp,29.05,24.09,0,17,dos
3.241,icmp,273.21,340.51,0,6,benign
3.595,tcp,319.37,219.34,0,3,r2l
7.118,udp,158.64,183.04,0,6,benign
3.645,tcp,357.54,509.63,0,4,benign
3.294,icmp,270.56,340.39,0,10,benign
4.241,udp,203.36,272.45,0,4,benign
7.957,udp,358.86,321.21,0,5,benign
6.555,udp,260.1,291.2,0,4,benign
11.307,tcp,312.76,320.52,0,3,r2l
4.694,icmp,371.77,248.41,0,4,benign
6.062,icmp,200.54,162.71,0,7,benign
4.668,tcp,280.45,221.42,0,1,benign
3.501,tcp,415.27,387.73,0,5,r2l
6.811,tcp,246.03,279.64,0,8,benign
3.646,udp,124.34,148.28,0,8,probe
2.989,icmp,47.99,59.04,0,4,probe
2.978,udp,214.62,195.5,0,10,benign
3.427,udp,181.31,196.56,0,2,benign
7.32,icmp,338.23,292.04,0,11,benign
6.043,udp,573.33,663.33,0,3,r2l
5.379,tcp,387.69,530.29,0,4,r2l
6.38,icmp,129.17,94.67,0,2,benign
5.964,tcp,136.05,198.87,0,6,benign
0.682,tcp,29.84,23.73,0,18,dos
5.541,tcp,191.97,229.37,0,2,benign
6.961,icmp,263.95,267.35,0,6,benign
7.132,udp,204.9,217.43,0,5,benign
5.705,icmp,166.68,113.64,0,2,benign
5.695,udp,157.58,110.62,0,4,benign
7.372,tcp,237.38,265.67,0,3,benign
0.745,udp,4.77,7.12,0,27,dos
0.599,icmp,11.17,11.72,0,20,dos
6.205,tcp,218.17,291.73,0,8,benign
0.01,tcp,32.77,31.8,0,20,dos
5.846,udp,844.03,629.53,0,7,r2l
0.909,icmp,17.37,17.28,0,26,dos
6.549,icmp,138.91,100.47,0,6,benign
0.255,udp,51.6,49.27,0,26,dos
6.935,tcp,194.95,264.89,0,7,benign
20.253,udp,1320.81,1184.83,0,3,u2r
8.796,tcp,476.76,547.64,0,4,r2l
0.439,icmp,21.88,31.0,0,23,dos
7.113,icmp,224.78,272.21,0,8,benign
4.488,udp,108.46,158.6,0,5,probe
4.401,icmp,339.63,465.94,0,2,benign
0.227,udp,6.83,4.73,0,4,worm
3.976,icmp,223.24,154.28,0,7,benign
4.556,icmp,178.97,227.49,0,5,benign
4.535,tcp,136.75,148.12,0,3,benign
0.767,icmp,236.3,232.09,0,5,benign
3.341,tcp,247.05,321.3,0,3,r2l
5.619,icmp,270.41,273.11,0,9,benign
0.01,tcp,212.74,269.25,0,2,benign
0.01,udp,219.41,304.82,0,2,benign
15.167,udp,387.64,445.28,0,6,r2l
5.608,udp,192.5,256.01,0,5,benign
0.393,icmp,32.36,38.72,0,30,dos
4.427,tcp,282.9,308.44,0,5,benign
1.496,tcp,252.96,355.38,0,1,benign
4.377,udp,268.2,325.93,0,8,benign
5.32,icmp,164.09,209.0,0,3,benign
0.403,icmp,1.21,1.58,0,4,worm
0.01,icmp,11.64,14.59,0,27,dos
6.36,udp,122.74,182.57,0,3,r2l
5.199,tcp,537.79,400.6,0,5,r2l
0.753,tcp,12.28,13.98,0,22,dos
3.997,tcp,53.87,54.57,0,6,probe
0.275,udp,17.2,22.45,0,14,dos
4.976,tcp,296.56,215.53,0,7,benign
2.83,udp,163.09,131.76,0,5,probe
3.267,tcp,290.35,290.27,0,9,benign
3.711,icmp,148.48,170.87,0,3,benign
1.094,icmp,218.06,292.02,0,6,benign
0.401,icmp,22.86,18.81,0,16,dos
1.024,tcp,33.36,35.48,0,18,dos
8.118,udp,187.06,276.11,0,6,benign
5.221,udp,181.2,234.84,0,3,benign
5.458,tcp,182.48,177.54,0,3,benign
10.505,icmp,423.59,285.37,0,4,r2l
1.878,icmp,342.92,233.68,0,4,benign
1.999,icmp,375.53,366.59,0,2,benign
2.01,udp,306.95,282.25,0,7,benign
0.01,tcp,359.02,329.36,0,4,r2l
4.663,udp,147.71,132.41,0,2,benign
5.673,icmp,147.64,108.01,0,1,benign
0.01,tcp,25.67,37.79,0,17,dos
1.782,tcp,171.81,140.42,0,8,benign
0.341,icmp,14.55,13.91,0,19,dos
4.478,icmp,393.24,265.44,0,2,benign
0.5,icmp,326.19,245.42,0,8,benign
4.557,icmp,350.73,433.58,0,1,benign
9.78,icmp,230.78,222.13,0,4,benign
7.015,udp,330.11,293.18,0,6,benign
5.474,icmp,115.84,106.24,0,4,benign
0.8,icmp,25.1,33.81,0,25,dos
0.344,udp,27.66,23.92,0,18,dos
6.262,udp,130.11,188.06,0,5,benign
2.675,tcp,213.01,225.83,0,5,benign
7.56,tcp,634.91,624.59,0,3,r2l
6.097,tcp,525.75,401.04,0,3,benign
5.003,tcp,252.72,301.46,1,7,benign
0.596,udp,22.22,21.09,0,19,dos
4.609,icmp,193.58,275.43,0,8,benign
5.665,icmp,210.12,192.79,0,3,benign
4.087,udp,164.0,238.19,0,0,benign
4.985,tcp,287.1,196.82,0,8,benign
8.603,icmp,179.17,167.2,0,5,benign
0.39,tcp,19.44,17.05,0,22,dos
0.288,udp,5.2,7.28,1,15,dos
4.197,tcp,265.11,271.69,0,3,benign
3.374,icmp,694.1,545.2,0,7,r2l
0.404,udp,6.36,7.31,0,23,dos
5.535,udp,273.51,264.77,0,8,benign
0.62,tcp,0.42,0.58,1,21,dos
6.002,udp,179.57,142.85,0,5,benign
6.371,icmp,281.63,285.11,0,6,benign
4.478,tcp,174.54,118.74,0,2,benign
7.017,udp,138.34,198.06,0,4,benign
8.551,icmp,474.58,482.32,0,9,r2l
1.899,tcp,88.23,88.13,0,6,probe
5.276,icmp,256.17,333.99,0,3,benign
16.393,icmp,1075.5,1527.73,0,2,u2r
8.319,udp,542.58,546.08,0,6,r2l
5.754,icmp,316.04,329.27,0,7,benign
9.619,udp,502.33,437.69,0,4,r2l
4.153,icmp,359.9,514.01,0,4,benign
3.424,icmp,137.85,186.79,0,8,probe
5.715,tcp,329.32,249.88,0,8,benign
0.561,icmp,336.47,466.92,0,10,benign
1.779,tcp,73.47,76.0,0,5,probe
0.124,tcp,28.5,20.13,0,22,dos
2.366,icmp,74.27,95.74,0,8,probe
2.634,udp,53.23,71.35,0,6,probe
9.415,tcp,548.53,701.4,0,3,r2l
5.788,icmp,293.38,368.47,0,8,benign
4.56,tcp,445.02,301.31,0,5,benign
4.051,tcp,98.47,128.48,0,6,probe
3.5,udp,208.92,141.09,0,6,benign
5.022,tcp,304.87,275.53,0,5,benign
3.637,tcp,280.63,206.62,0,2,benign
7.435,udp,273.55,237.57,0,8,benign
0.575,tcp,11.44,9.76,0,21,dos
5.699,icmp,324.23,471.8,0,4,benign
5.557,icmp,182.69,232.96,0,4,benign
0.513,tcp,24.36,32.73,0,19,dos
2.72,icmp,260.88,281.43,0,9,benign
3.643,udp,239.41,280.0,0,3,benign
1.041,tcp,9.59,8.2,0,23,dos
3.57,icmp,356.15,265.22,0,3,benign
5.058,tcp,226.02,235.6,0,3,benign
0.01,udp,38.04,35.37,0,22,dos
0.888,tcp,47.61,38.17,0,7,probe
6.428,udp,282.83,395.91,0,5,benign
5.144,tcp,278.65,264.44,0,5,benign
7.655,udp,326.49,315.17,0,4,benign
0.641,icmp,17.85,19.89,0,17,dos
7.264,udp,230.5,327.78,0,8,benign
0.186,tcp,1.89,1.8,0,7,worm
2.649,icmp,94.47,85.61,0,5,probe
6.958,tcp,290.09,296.32,0,6,benign
24.779,icmp,850.58,1190.75,0,6,u2r
2.693,icmp,231.8,283.15,0,5,benign
9.098,udp,366.07,247.6,0,4,benign
4.376,icmp,320.85,436.3,0,9,benign
3.135,tcp,91.83,86.35,0,5,probe
0.454,udp,14.68,20.77,0,23,dos
1.983,icmp,46.89,61.01,0,10,probe
6.639,icmp,336.72,337.54,0,5,benign
2.237,tcp,509.34,363.35,0,6,r2l
2.856,udp,160.43,215.95,0,3,benign
3.217,udp,127.74,186.98,0,3,probe
0.797,tcp,25.38,35.63,0,8,dos
9.916,udp,131.13,101.61,0,6,benign
2.214,tcp,118.42,92.3,0,6,probe
6.459,tcp,251.55,344.77,0,2,benign
3.846,tcp,237.99,276.85,0,8,benign
0.362,tcp,29.07,22.81,0,14,dos
7.355,udp,321.64,348.82,0,9,r2l
5.496,tcp,130.78,144.15,0,3,benign
4.02,icmp,167.88,220.82,0,5,benign
0.325,udp,36.3,34.01,0,16,dos
7.099,udp,113.6,146.63,0,10,benign
8.195,icmp,321.41,313.41,0,4,r2l
2.567,icmp,219.59,238.2,0,3,benign
5.151,tcp,129.35,156.64,0,6,benign
0.227,icmp,5.04,5.54,0,15,dos
6.832,tcp,265.43,295.64,0,3,benign
2.958,icmp,219.55,263.5,0,3,benign
2.075,udp,287.95,252.94,0,4,benign
3.338,udp,151.5,113.73,0,6,benign
4.995,tcp,200.3,191.38,0,7,benign
0.282,tcp,30.62,28.56,0,29,dos
0.101,udp,17.22,13.65,0,20,dos
9.36,icmp,402.72,508.59,0,11,r2l
4.316,udp,213.09,215.18,0,5,benign
10.71,icmp,598.76,409.01,0,2,r2l
0.194,tcp,4.71,4.61,0,6,worm
7.169,udp,188.84,131.25,0,6,benign
4.44,tcp,152.38,199.77,0,6,benign
6.579,udp,204.13,280.12,0,4,benign
8.902,udp,333.77,352.48,0,1,benign
14.603,udp,854.87,858.81,0,3,u2r
0.667,tcp,48.17,49.07,0,20,dos
4.336,tcp,30.81,38.75,0,7,benign
0.659,icmp,35.41,28.07,0,16,dos
10.371,udp,949.24,1376.45,0,7,u2r
2.021,icmp,87.16,69.43,0,2,probe
0.296,tcp,44.27,32.62,0,18,dos
7.039,udp,253.59,324.52,1,5,benign
0.195,icmp,16.49,22.77,0,21,dos
4.439,tcp,165.82,169.87,0,7,benign
4.925,tcp,57.97,58.07,0,6,probe
0.753,icmp,17.07,22.61,1,21,dos
7.33,tcp,278.93,236.44,0,7,benign
0.18,udp,255.12,341.63,1,3,benign
5.219,icmp,310.0,234.69,0,7,benign
3.389,tcp,110.97,90.82,0,5,probe
1.078,icmp,30.74,28.23,0,24,dos
11.502,tcp,484.25,361.58,0,8,r2l
0.157,icmp,23.19,30.78,0,15,dos
3.222,tcp,173.0,203.05,0,3,benign
6.952,icmp,286.85,207.64,0,2,benign
5.199,tcp,179.91,226.25,0,7,benign
4.698,udp,376.23,252.86,0,5,benign
7.383,icmp,464.07,414.04,0,3,benign
3.999,udp,300.43,302.61,0,10,benign
4.193,icmp,155.85,207.46,0,5,benign
5.368,icmp,228.47,212.14,0,5,benign
7.393,tcp,261.82,232.98,0,6,benign
5.465,udp,235.36,164.63,0,8,benign
7.003,tcp,124.96,136.92,0,6,benign
16.657,tcp,561.15,583.35,0,5,u2r
0.639,udp,15.41,15.67,0,21,dos
5.792,tcp,158.4,196.48,0,2,benign
4.521,tcp,164.78,147.91,0,4,benign
0.275,udp,5.51,5.39,1,6,worm
13.38,icmp,1554.53,1923.41,0,9,u2r
4.428,icmp,151.51,154.88,0,5,benign
6.467,icmp,510.2,430.24,0,3,r2l
7.256,tcp,419.73,484.42,0,5,r2l
3.486,icmp,70.45,54.45,0,6,probe
7.959,tcp,155.91,188.97,0,9,benign
4.975,tcp,156.86,174.67,0,8,benign
1.098,icmp,248.53,211.67,0,3,benign
0.329,icmp,23.86,25.53,0,25,dos
0.871,udp,28.7,28.48,0,30,dos
2.983,udp,290.11,266.72,0,6,benign
3.596,tcp,80.32,66.49,0,3,benign
2.227,tcp,74.71,60.7,0,6,probe
5.253,udp,339.83,405.63,0,2,benign
7.038,udp,264.87,217.7,0,10,benign
0.412,udp,13.57,18.09,0,22,dos
5.38,tcp,229.88,178.87,0,7,benign
2.809,icmp,123.56,115.8,0,7,probe
0.432,tcp,22.96,19.75,0,21,dos
4.832,udp,91.68,88.13,0,3,probe
5.062,udp,228.95,218.8,0,3,benign
5.062,udp,114.87,128.4,0,9,benign
4.145,tcp,480.07,400.71,0,8,benign
9.915,tcp,197.1,132.26,0,9,benign
4.788,icmp,274.03,258.88,0,5,benign
2.776,icmp,341.85,329.84,0,4,benign
0.739,tcp,424.31,509.19,0,3,r2l
4.307,icmp,103.67,136.7,0,2,probe
3.234,udp,216.51,284.28,0,6,benign
1.795,tcp,93.44,98.32,0,4,probe
2.388,udp,117.17,110.67,0,3,probe
2.661,udp,78.08,80.94,0,3,benign
7.808,tcp,173.21,188.72,0,6,benign
5.179,udp,348.37,237.13,0,5,benign
5.022,icmp,184.8,164.79,0,4,benign
7.296,icmp,225.74,224.02,0,3,benign
8.452,tcp,206.01,149.76,0,6,benign
4.74,udp,523.83,753.59,0,5,r2l
0.576,tcp,22.46,17.52,0,25,dos
5.023,icmp,401.16,372.57,0,2,benign
3.251,icmp,82.3,72.91,0,6,probe
6.026,icmp,139.18,106.18,0,11,benign
1.756,udp,74.57,93.94,0,6,benign
4.892,tcp,185.67,223.09,0,4,benign
0.374,tcp,21.0,29.26,0,19,dos
3.923,tcp,125.91,181.62,0,3,benign
2.187,icmp,233.27,217.55,0,2,benign
0.01,tcp,13.65,12.7,0,3,worm
3.263,udp,45.65,49.23,0,12,probe
4.075,udp,255.38,250.98,0,6,benign
3.837,icmp,290.52,195.94,0,6,benign
5.376,tcp,280.81,346.81,0,4,benign
6.329,icmp,316.8,465.33,0,6,benign
4.654,icmp,311.55,242.17,0,3,benign
2.622,tcp,234.68,327.25,0,3,benign
0.106,icmp,23.55,29.56,0,25,dos
0.426,icmp,0.51,0.49,0,21,dos
0.15,icmp,3.58,4.72,0,3,worm
5.636,icmp,248.89,251.66,0,1,benign
5.927,udp,225.06,324.05,0,4,benign
4.02,udp,156.75,228.29,0,3,benign
8.447,icmp,134.03,152.66,0,4,benign
5.008,udp,297.64,248.16,0,4,benign
4.598,icmp,178.97,137.01,0,2,benign
14.628,tcp,1165.08,1318.29,0,10,u2r
6.526,tcp,108.13,144.7,0,4,benign
8.64,icmp,458.48,450.12,0,8,r2l
1.932,icmp,474.67,334.6,0,4,benign
0.694,tcp,9.59,6.55,0,14,dos
15.395,udp,979.4,986.17,0,6,u2r
4.693,tcp,259.79,276.96,0,2,benign
3.117,tcp,231.62,344.75,0,5,benign
0.245,tcp,3.57,3.41,0,2,worm
4.845,udp,67.22,100.49,0,4,benign
8.786,icmp,204.34,271.6,0,6,benign
4.411,tcp,209.52,255.24,0,3,benign
3.938,icmp,215.04,172.15,0,4,benign
5.738,icmp,242.52,162.83,0,6,benign
0.764,udp,20.37,29.05,0,22,dos
5.885,tcp,629.39,463.03,0,8,r2l
5.623,icmp,227.82,162.38,0,6,benign
0.582,tcp,14.24,11.78,0,25,dos
16.531,tcp,765.34,1029.03,0,9,u2r
5.816,tcp,200.02,175.65,0,2,benign
5.456,tcp,167.23,243.97,0,5,benign
0.693,tcp,24.43,17.48,0,17,dos
4.771,tcp,356.7,262.68,0,6,benign
5.102,tcp,145.52,166.08,0,10,benign
0.413,icmp,26.53,22.05,0,15,dos
3.936,tcp,200.37,188.16,0,8,benign
3.282,udp,239.37,238.23,0,0,benign
0.532,udp,31.32,36.56,0,20,dos
10.73,icmp,362.21,343.55,0,5,r2l
3.576,tcp,242.93,260.97,0,7,benign
0.201,udp,3.8,2.58,0,3,worm
4.194,tcp,118.66,102.57,0,5,benign
0.01,udp,2.13,1.57,0,9,worm
16.908,icmp,635.39,678.96,0,4,u2r
20.384,icmp,1274.65,862.91,0,7,u2r
2.609,udp,393.48,364.39,0,3,benign
4.659,icmp,213.94,314.37,0,6,benign
3.524,tcp,121.19,80.93,0,5,probe
5.107,tcp,233.69,199.81,0,5,benign
0.01,tcp,3.86,5.5,1,3,worm
3.07,udp,264.45,227.81,0,5,benign
4.024,udp,68.3,99.07,0,4,probe
4.032,tcp,158.31,227.71,0,4,benign
2.345,icmp,94.95,75.18,0,7,probe
1.087,tcp,0.47,0.53,0,16,dos
6.144,udp,468.63,334.04,0,3,benign
4.993,icmp,91.35,71.7,0,7,probe
7.25,icmp,547.42,544.59,0,1,r2l
4.945,tcp,137.46,152.13,0,7,benign
3.921,icmp,274.64,263.22,0,1,benign
5.8,icmp,466.89,335.09,0,6,benign
6.679,udp,277.99,296.07,0,1,benign
0.458,icmp,21.96,16.56,0,18,dos
3.026,tcp,381.59,263.33,0,7,benign
1.726,tcp,120.42,120.73,0,9,probe
2.758,tcp,106.27,71.44,0,3,probe
5.58,tcp,180.14,158.2,0,4,benign
4.643,icmp,218.87,306.64,0,6,benign
9.721,icmp,733.03,697.57,0,4,u2r
12.83,icmp,1357.88,962.43,0,5,u2r
2.101,icmp,55.78,39.16,0,5,probe
4.068,tcp,243.49,363.94,0,6,benign
0.433,tcp,19.13,21.55,0,25,dos
12.166,udp,326.16,397.45,0,2,r2l
6.396,udp,191.37,205.85,0,8,benign
2.635,tcp,138.71,172.94,0,5,benign
3.924,tcp,167.44,239.08,0,5,benign
0.648,tcp,5.87,5.85,0,25,dos
4.014,tcp,194.22,264.87,0,4,benign
1.464,icmp,108.51,86.54,0,7,probe
0.072,udp,20.05,19.52,0,20,dos
7.497,tcp,499.98,495.28,0,4,r2l
0.445,udp,36.7,27.16,0,17,dos
2.754,tcp,332.95,319.97,0,6,benign
0.106,icmp,29.03,23.91,0,24,dos
0.198,udp,7.18,9.01,0,3,worm
3.761,udp,359.32,298.49,0,5,benign
5.464,udp,310.94,238.64,0,7,benign
0.91,tcp,18.58,17.24,0,21,dos
1.658,tcp,44.84,35.64,0,9,probe
4.391,tcp,251.57,246.28,0,6,benign
8.155,icmp,2186.23,1856.48,0,6,u2r
0.197,icmp,5.0,5.31,0,5,worm
3.772,udp,346.28,325.62,0,6,benign
3.828,tcp,159.07,205.31,0,5,benign
3.431,udp,215.15,225.6,0,7,benign
3.297,udp,290.01,223.42,0,3,benign
2.005,icmp,194.61,134.52,0,8,benign
3.967,udp,191.9,249.85,0,6,benign
8.776,icmp,254.01,276.49,0,6,benign
0.284,udp,7.33,7.93,0,14,dos
3.776,udp,312.74,312.6,0,7,benign
5.397,tcp,331.6,226.89,0,6,benign
6.919,icmp,363.11,247.32,0,3,benign
4.271,icmp,288.08,281.9,0,6,benign
4.352,tcp,275.59,225.06,0,6,benign
1.296,udp,292.31,378.88,0,2,benign
8.414,udp,249.69,252.16,0,2,benign
1.001,tcp,12.86,16.9,0,29,dos
9.627,icmp,200.53,239.18,0,3,r2l
4.232,udp,372.54,426.63,0,6,benign
0.348,tcp,19.24,22.12,0,26,dos
1.629,udp,350.19,267.79,0,4,benign
0.067,icmp,33.91,45.03,0,9,dos
1.562,icmp,307.91,294.63,0,7,benign
4.211,icmp,194.17,274.87,0,3,benign
6.739,icmp,219.78,176.41,0,6,benign
7.94,tcp,225.54,152.32,0,3,benign
7.534,icmp,470.45,314.43,0,4,r2l
5.167,tcp,319.37,319.33,0,6,benign
5.807,icmp,365.47,496.69,0,8,r2l
3.224,icmp,131.56,150.01,0,2,probe
0.761,icmp,40.72,31.92,0,23,dos
5.181,tcp,207.63,246.44,0,9,benign
0.616,udp,20.14,19.8,0,23,dos
2.116,icmp,76.56,87.34,0,3,benign
4.072,tcp,254.79,270.81,0,8,benign
5.52,icmp,210.16,237.55,0,0,benign
0.777,icmp,35.9,41.75,0,19,dos
5.557,icmp,206.12,307.61,0,3,benign
10.778,tcp,697.05,773.57,0,10,u2r
2.927,udp,71.13,49.79,0,7,probe
3.957,icmp,282.27,209.75,0,2,benign
3.17,tcp,160.45,180.24,0,11,benign
0.399,tcp,2.69,3.85,0,3,worm
4.332,icmp,154.3,138.28,0,8,benign
0.526,icmp,8.89,12.2,0,23,dos
1.47,udp,17.02,11.43,0,5,benign
0.593,tcp,31.97,45.34,1,22,dos
0.534,icmp,46.83,33.95,0,23,dos
4.122,udp,117.07,146.85,0,4,benign
17.201,icmp,1357.31,924.95,0,5,u2r
6.344,tcp,140.33,95.37,0,1,benign
4.856,udp,85.87,59.01,0,4,probe
0.245,udp,21.61,21.79,0,18,dos
0.09,tcp,1.97,2.24,1,4,worm
1.026,udp,29.5,35.22,0,19,dos
0.683,udp,25.4,35.16,0,20,dos
3.938,icmp,213.23,294.23,0,5,benign
4.315,icmp,259.46,287.75,0,5,benign
16.557,tcp,1649.31,1502.99,0,5,u2r
0.218,udp,19.02,14.48,0,15,dos
0.01,udp,339.91,337.84,0,2,r2l
13.92,udp,910.68,720.81,0,6,u2r
6.295,udp,231.46,226.8,0,3,benign
0.972,tcp,367.2,252.48,0,3,benign
5.731,udp,237.94,185.85,0,6,benign
1.235,icmp,67.26,55.71,0,8,probe
3.007,tcp,269.59,269.35,0,5,benign
4.82,tcp,291.31,259.07,0,4,benign
0.951,tcp,52.3,37.12,0,29,dos
3.013,tcp,115.54,136.75,0,5,benign
6.235,udp,414.91,299.81,0,2,benign
8.597,icmp,185.44,210.36,0,4,benign
0.211,udp,5.73,4.0,1,5,worm
0.01,icmp,2.02,2.18,0,5,worm
0.185,icmp,41.93,40.1,1,12,dos
4.269,icmp,330.62,384.97,0,5,benign
0.175,icmp,7.44,10.19,1,20,dos
5.477,udp,223.0,326.54,0,3,benign
2.471,udp,163.38,136.3,0,1,benign
4.69,icmp,369.06,315.26,0,2,benign
0.541,icmp,5.87,4.24,0,21,dos
0.586,tcp,31.14,22.26,0,16,dos
3.675,icmp,277.36,215.01,0,5,benign
5.889,icmp,240.48,244.76,0,4,benign
5.932,udp,348.67,492.7,0,3,r2l
0.808,udp,39.12,36.74,0,19,dos
3.548,icmp,192.33,166.74,0,6,benign
9.535,udp,317.24,310.92,0,3,benign
1.81,tcp,159.79,125.09,1,3,probe
3.469,tcp,250.3,224.22,0,5,benign
7.959,udp,400.89,268.1,0,8,benign
5.168,udp,439.83,306.58,0,7,benign
6.555,icmp,269.65,239.21,0,5,benign
3.314,udp,324.84,247.11,0,4,benign
3.2,udp,230.98,266.78,0,4,r2l
5.558,udp,257.57,245.06,0,3,benign
10.287,tcp,123.81,83.66,0,8,r2l
3.561,udp,262.73,332.65,0,11,benign
4.991,tcp,207.17,267.49,0,3,benign
2.225,tcp,103.98,132.46,0,7,probe
2.441,tcp,452.41,319.28,0,3,benign
5.05,icmp,265.95,218.66,0,3,benign
4.672,tcp,269.0,397.56,0,8,benign
2.396,udp,259.04,245.81,0,4,benign
7.575,tcp,361.56,285.88,0,7,benign
0.322,udp,36.3,31.75,0,24,dos
4.179,icmp,174.67,216.52,0,2,benign
6.758,udp,413.43,299.74,0,2,r2l
0.607,icmp,20.87,30.57,0,19,dos
0.204,icmp,9.13,7.08,0,5,worm
5.675,udp,188.48,225.46,0,4,benign
0.646,tcp,30.24,21.07,0,29,dos
3.907,tcp,177.13,256.85,0,4,benign
0.522,tcp,42.7,52.1,0,28,dos
3.681,udp,627.26,444.72,0,6,r2l
7.495,tcp,728.3,609.35,0,0,r2l
5.109,icmp,117.1,123.91,0,3,benign
2.792,tcp,143.22,150.82,0,5,benign
6.909,icmp,460.25,369.92,0,2,benign
0.01,tcp,277.85,196.64,0,7,benign
1.381,icmp,246.93,234.42,1,7,benign
6.422,udp,243.41,213.08,0,3,benign
2.776,udp,21.92,21.34,0,4,probe
5.546,udp,206.76,146.78,0,7,benign
4.428,udp,187.12,270.57,0,5,benign
4.085,icmp,205.77,252.52,0,9,benign
0.234,udp,10.77,8.7,0,2,worm
1.593,icmp,135.66,93.65,0,5,probe
0.198,udp,7.32,8.87,0,4,worm
7.638,tcp,53.93,54.24,0,3,benign
4.793,udp,147.21,157.52,0,5,benign
5.624,tcp,335.54,237.66,0,8,benign
5.104,udp,331.0,395.31,0,6,benign
5.047,udp,213.05,228.91,0,11,benign
3.812,udp,57.43,70.93,0,3,probe
9.635,udp,312.61,459.16,0,9,r2l
0.757,icmp,29.55,27.3,0,17,dos
0.195,tcp,7.19,7.46,0,1,worm
5.705,tcp,181.94,216.25,0,9,benign
3.879,icmp,235.54,293.83,0,3,benign
7.593,icmp,516.74,519.12,0,2,r2l
3.55,tcp,323.71,258.29,0,8,benign
16.773,tcp,1087.94,1219.74,0,2,u2r
3.867,tcp,150.47,126.32,0,3,benign
2.424,tcp,120.16,86.13,0,9,probe
4.216,tcp,341.0,376.63,1,4,benign
0.879,tcp,30.35,20.51,0,18,dos
5.632,udp,272.36,281.92,0,3,benign
0.628,tcp,9.07,12.56,0,18,dos
4.387,icmp,84.01,110.59,0,6,probe
1.758,udp,235.57,334.57,0,0,benign
2.951,icmp,409.62,400.13,0,4,benign
0.291,icmp,23.15,16.68,0,25,dos
6.232,icmp,394.65,269.09,0,5,benign
3.484,udp,134.88,166.86,0,1,probe
5.406,icmp,163.97,195.59,0,8,benign
0.802,icmp,297.4,239.54,0,3,benign
4.219,icmp,288.3,325.43,0,1,benign
6.724,tcp,221.37,189.18,0,3,benign
3.794,udp,191.67,205.87,0,7,benign
5.018,udp,97.62,118.82,0,8,benign
6.32,udp,215.04,161.31,0,6,benign
4.811,icmp,171.02,201.08,0,6,benign
8.445,tcp,341.79,278.48,0,4,benign
5.961,icmp,196.91,254.5,0,4,benign
6.031,tcp,279.74,365.5,0,9,benign
3.084,icmp,200.63,198.17,0,7,benign
4.206,tcp,344.84,289.74,0,2,benign
6.231,udp,420.82,292.64,0,5,benign
3.205,tcp,180.57,144.42,0,5,probe
0.223,tcp,10.18,13.49,0,21,dos
0.286,udp,28.96,35.77,0,19,dos
0.731,udp,170.38,223.99,0,4,benign
6.324,udp,289.0,262.39,0,8,benign
2.849,icmp,225.04,208.1,0,6,benign
17.278,icmp,1216.81,981.18,0,5,u2r
0.671,icmp,2.55,3.19,0,18,dos
4.949,tcp,181.18,268.4,0,6,benign
8.302,udp,153.97,141.72,0,3,benign
5.954,udp,358.54,438.01,0,4,benign
2.917,icmp,319.69,224.72,0,3,benign
4.06,udp,141.61,133.23,0,6,benign
5.996,udp,187.46,155.14,0,5,benign
7.87,tcp,205.63,207.49,0,3,benign
5.865,tcp,241.43,270.25,0,3,benign
6.238,udp,165.51,138.13,0,1,benign
4.182,udp,383.83,373.89,0,6,benign
11.199,udp,630.0,942.4,0,7,u2r
2.268,icmp,31.1,33.48,0,5,probe
0.665,tcp,43.8,39.58,0,16,dos
5.877,tcp,426.59,375.56,0,7,r2l
4.979,icmp,292.47,203.19,0,0,benign
5.205,icmp,354.89,297.94,0,4,benign
6.412,udp,166.04,120.57,0,5,benign
8.364,tcp,255.91,356.66,0,9,benign
6.28,tcp,206.58,187.08,0,6,benign
4.22,udp,291.44,308.82,0,10,benign
6.824,icmp,239.7,216.18,0,1,benign
0.587,icmp,48.08,52.13,0,20,dos
0.258,icmp,39.44,31.06,0,26,dos
4.963,icmp,354.55,465.46,0,4,r2l
4.414,tcp,318.4,385.97,0,5,benign
0.309,icmp,18.47,15.05,0,22,dos
2.416,tcp,137.83,94.27,0,9,probe
3.036,tcp,144.88,172.92,0,8,benign
